[
{
  "model": "hotel.customer",
  "pk": 1,
  "fields": {
    "first_name": "Robert",
    "last_name": "Morgan",
    "phone_number": "5129203603",
    "email": "james20@example.net",
    "checkin_time": "2023-11-19T07:41:41.210Z",
    "checkout_time": "2023-11-25T07:41:41.210Z"
  }
},
{
  "model": "hotel.customer",
  "pk": 2,
  "fields": {
    "first_name": "Robert",
    "last_name": "Mullen",
    "phone_number": "8784480113",
    "email": "mckenzienatalie@example.net",
    "checkin_time": "2023-11-02T10:22:44.893Z",
    "checkout_time": "2023-11-08T10:22:44.893Z"
  }
},
{
  "model": "hotel.customer",
  "pk": 3,
  "fields": {
    "first_name": "Christopher",
    "last_name": "Campbell",
    "phone_number": "8672226465",
    "email": "cordovaedward@example.net",
    "checkin_time": "2023-11-05T10:03:20.419Z",
    "checkout_time": "2023-11-07T10:03:20.419Z"
  }
},
{
  "model": "hotel.customer",
  "pk": 4,
  "fields": {
    "first_name": "Christopher",
    "last_name": "Edwards",
    "phone_number": "7641506374",
    "email": "kim66@example.org",
    "checkin_time": "2023-10-26T15:39:58.032Z",
    "checkout_time": "2023-10-27T15:39:58.032Z"
  }
},
{
  "model": "hotel.customer",
  "pk": 5,
  "fields": {
    "first_name": "Jessica",
    "last_name": "Scott",
    "phone_number": "3740796529",
    "email": "alicia68@example.net",
    "checkin_time": "2023-11-04T23:23:04.113Z",
    "checkout_time": "2023-11-05T23:23:04.113Z"
  }
},
{
  "model": "hotel.customer",
  "pk": 6,
  "fields": {
    "first_name": "Cassandra",
    "last_name": "Garcia",
    "phone_number": "4105096725",
    "email": "brian15@example.net",
    "checkin_time": "2023-11-05T12:46:37.273Z",
    "checkout_time": "2023-11-07T12:46:37.273Z"
  }
},
{
  "model": "hotel.customer",
  "pk": 7,
  "fields": {
    "first_name": "Jason",
    "last_name": "Chandler",
    "phone_number": "1618960760",
    "email": "smithwesley@example.net",
    "checkin_time": "2023-11-09T18:47:34.665Z",
    "checkout_time": "2023-11-12T18:47:34.665Z"
  }
},
{
  "model": "hotel.customer",
  "pk": 8,
  "fields": {
    "first_name": "Olivia",
    "last_name": "Richardson",
    "phone_number": "5111449148",
    "email": "ericwaters@example.net",
    "checkin_time": "2023-10-23T05:26:52.486Z",
    "checkout_time": "2023-10-25T05:26:52.486Z"
  }
},
{
  "model": "hotel.customer",
  "pk": 9,
  "fields": {
    "first_name": "Catherine",
    "last_name": "Bennett",
    "phone_number": "8253125928",
    "email": "smithmark@example.net",
    "checkin_time": "2023-11-11T00:57:26.964Z",
    "checkout_time": "2023-11-17T00:57:26.964Z"
  }
},
{
  "model": "hotel.customer",
  "pk": 10,
  "fields": {
    "first_name": "Patricia",
    "last_name": "Morales",
    "phone_number": "7139406322",
    "email": "epoole@example.com",
    "checkin_time": "2023-10-28T10:43:14.016Z",
    "checkout_time": "2023-11-03T10:43:14.016Z"
  }
},
{
  "model": "hotel.customer",
  "pk": 11,
  "fields": {
    "first_name": "Paul",
    "last_name": "Hall",
    "phone_number": "5451951798",
    "email": "samantha25@example.net",
    "checkin_time": "2023-11-06T00:11:38.775Z",
    "checkout_time": "2023-11-10T00:11:38.775Z"
  }
},
{
  "model": "hotel.customer",
  "pk": 12,
  "fields": {
    "first_name": "Michael",
    "last_name": "Guzman",
    "phone_number": "6339346658",
    "email": "jjones@example.org",
    "checkin_time": "2023-11-01T15:11:07.591Z",
    "checkout_time": "2023-11-08T15:11:07.591Z"
  }
},
{
  "model": "hotel.customer",
  "pk": 13,
  "fields": {
    "first_name": "Shannon",
    "last_name": "Dougherty",
    "phone_number": "7096897040",
    "email": "wgoodman@example.net",
    "checkin_time": "2023-11-13T02:11:47.935Z",
    "checkout_time": "2023-11-16T02:11:47.935Z"
  }
},
{
  "model": "hotel.customer",
  "pk": 14,
  "fields": {
    "first_name": "Brad",
    "last_name": "Branch",
    "phone_number": "5711732806",
    "email": "fisherdarlene@example.com",
    "checkin_time": "2023-11-04T13:52:21.017Z",
    "checkout_time": "2023-11-09T13:52:21.017Z"
  }
},
{
  "model": "hotel.customer",
  "pk": 15,
  "fields": {
    "first_name": "Shelley",
    "last_name": "Mcbride",
    "phone_number": "1413060967",
    "email": "iwong@example.org",
    "checkin_time": "2023-11-12T18:15:19.296Z",
    "checkout_time": "2023-11-13T18:15:19.296Z"
  }
},
{
  "model": "hotel.customer",
  "pk": 16,
  "fields": {
    "first_name": "Charles",
    "last_name": "Allen",
    "phone_number": "5811896870",
    "email": "nyoung@example.org",
    "checkin_time": "2023-11-08T15:37:12.546Z",
    "checkout_time": "2023-11-10T15:37:12.546Z"
  }
},
{
  "model": "hotel.customer",
  "pk": 17,
  "fields": {
    "first_name": "Mark",
    "last_name": "Schwartz",
    "phone_number": "7564823125",
    "email": "vanessafernandez@example.com",
    "checkin_time": "2023-11-16T23:37:52.604Z",
    "checkout_time": "2023-11-17T23:37:52.604Z"
  }
},
{
  "model": "hotel.customer",
  "pk": 18,
  "fields": {
    "first_name": "Nancy",
    "last_name": "Harrison",
    "phone_number": "7507288106",
    "email": "scotttodd@example.org",
    "checkin_time": "2023-11-11T04:42:15.167Z",
    "checkout_time": "2023-11-13T04:42:15.167Z"
  }
},
{
  "model": "hotel.customer",
  "pk": 19,
  "fields": {
    "first_name": "James",
    "last_name": "Roberts",
    "phone_number": "6575395615",
    "email": "zperez@example.com",
    "checkin_time": "2023-11-07T21:17:43.811Z",
    "checkout_time": "2023-11-12T21:17:43.811Z"
  }
},
{
  "model": "hotel.customer",
  "pk": 20,
  "fields": {
    "first_name": "Jesse",
    "last_name": "Dudley",
    "phone_number": "2795824619",
    "email": "smitholivia@example.org",
    "checkin_time": "2023-11-15T17:46:09.618Z",
    "checkout_time": "2023-11-20T17:46:09.618Z"
  }
},
{
  "model": "hotel.customer",
  "pk": 21,
  "fields": {
    "first_name": "Gerald",
    "last_name": "Riddle",
    "phone_number": "5449162053",
    "email": "matthewjones@example.net",
    "checkin_time": "2023-10-31T04:03:49.593Z",
    "checkout_time": "2023-11-07T04:03:49.593Z"
  }
},
{
  "model": "hotel.customer",
  "pk": 22,
  "fields": {
    "first_name": "Marie",
    "last_name": "Johnson",
    "phone_number": "9645823350",
    "email": "callahandavid@example.org",
    "checkin_time": "2023-11-19T14:23:18.506Z",
    "checkout_time": "2023-11-22T14:23:18.506Z"
  }
},
{
  "model": "hotel.customer",
  "pk": 23,
  "fields": {
    "first_name": "Alexandria",
    "last_name": "Clayton",
    "phone_number": "9579173755",
    "email": "ojohnson@example.org",
    "checkin_time": "2023-11-05T07:03:07.043Z",
    "checkout_time": "2023-11-06T07:03:07.043Z"
  }
},
{
  "model": "hotel.customer",
  "pk": 24,
  "fields": {
    "first_name": "Gabrielle",
    "last_name": "Craig",
    "phone_number": "8600457290",
    "email": "stephen05@example.net",
    "checkin_time": "2023-11-18T14:26:52.762Z",
    "checkout_time": "2023-11-20T14:26:52.762Z"
  }
},
{
  "model": "hotel.customer",
  "pk": 25,
  "fields": {
    "first_name": "Jeremy",
    "last_name": "Johnson",
    "phone_number": "8261502218",
    "email": "sweaver@example.net",
    "checkin_time": "2023-11-13T22:22:28.630Z",
    "checkout_time": "2023-11-19T22:22:28.630Z"
  }
},
{
  "model": "hotel.customer",
  "pk": 26,
  "fields": {
    "first_name": "Richard",
    "last_name": "Walker",
    "phone_number": "4989877190",
    "email": "kmoore@example.com",
    "checkin_time": "2023-11-15T13:34:56.451Z",
    "checkout_time": "2023-11-20T13:34:56.451Z"
  }
},
{
  "model": "hotel.customer",
  "pk": 27,
  "fields": {
    "first_name": "Karen",
    "last_name": "Price",
    "phone_number": "4726101364",
    "email": "jenniferfields@example.org",
    "checkin_time": "2023-11-01T04:27:53.129Z",
    "checkout_time": "2023-11-04T04:27:53.129Z"
  }
},
{
  "model": "hotel.customer",
  "pk": 28,
  "fields": {
    "first_name": "Yvette",
    "last_name": "Moore",
    "phone_number": "4621835921",
    "email": "jodiaguilar@example.com",
    "checkin_time": "2023-10-25T12:16:57.776Z",
    "checkout_time": "2023-10-29T12:16:57.776Z"
  }
},
{
  "model": "hotel.customer",
  "pk": 29,
  "fields": {
    "first_name": "Christopher",
    "last_name": "Harris",
    "phone_number": "8331139490",
    "email": "abigailjimenez@example.net",
    "checkin_time": "2023-11-18T17:35:00.509Z",
    "checkout_time": "2023-11-19T17:35:00.509Z"
  }
},
{
  "model": "hotel.customer",
  "pk": 30,
  "fields": {
    "first_name": "Samuel",
    "last_name": "Henderson",
    "phone_number": "7159973169",
    "email": "jenniferblake@example.net",
    "checkin_time": "2023-11-12T17:43:46.714Z",
    "checkout_time": "2023-11-19T17:43:46.714Z"
  }
},
{
  "model": "hotel.customer",
  "pk": 31,
  "fields": {
    "first_name": "Joseph",
    "last_name": "Carpenter",
    "phone_number": "4886684044",
    "email": "franklinjohn@example.org",
    "checkin_time": "2023-11-02T02:05:41.651Z",
    "checkout_time": "2023-11-07T02:05:41.651Z"
  }
},
{
  "model": "hotel.customer",
  "pk": 32,
  "fields": {
    "first_name": "Derrick",
    "last_name": "Charles",
    "phone_number": "5902258132",
    "email": "smithkathryn@example.net",
    "checkin_time": "2023-10-30T17:17:47.400Z",
    "checkout_time": "2023-11-02T17:17:47.400Z"
  }
},
{
  "model": "hotel.customer",
  "pk": 33,
  "fields": {
    "first_name": "Kimberly",
    "last_name": "Smith",
    "phone_number": "2605613476",
    "email": "yjohnson@example.org",
    "checkin_time": "2023-10-28T13:22:19.649Z",
    "checkout_time": "2023-11-02T13:22:19.649Z"
  }
},
{
  "model": "hotel.customer",
  "pk": 34,
  "fields": {
    "first_name": "Michael",
    "last_name": "Ford",
    "phone_number": "6347050797",
    "email": "monica31@example.org",
    "checkin_time": "2023-10-31T09:41:23.660Z",
    "checkout_time": "2023-11-02T09:41:23.660Z"
  }
},
{
  "model": "hotel.customer",
  "pk": 35,
  "fields": {
    "first_name": "Oscar",
    "last_name": "Black",
    "phone_number": "4126544012",
    "email": "perezdaniel@example.org",
    "checkin_time": "2023-11-12T06:26:16.507Z",
    "checkout_time": "2023-11-16T06:26:16.507Z"
  }
},
{
  "model": "hotel.customer",
  "pk": 36,
  "fields": {
    "first_name": "Michael",
    "last_name": "Holmes",
    "phone_number": "4186567491",
    "email": "linda78@example.net",
    "checkin_time": "2023-11-16T23:28:48.821Z",
    "checkout_time": "2023-11-22T23:28:48.821Z"
  }
},
{
  "model": "hotel.customer",
  "pk": 37,
  "fields": {
    "first_name": "Lisa",
    "last_name": "Gentry",
    "phone_number": "8913565179",
    "email": "cassandra03@example.org",
    "checkin_time": "2023-10-25T20:10:11.218Z",
    "checkout_time": "2023-10-30T20:10:11.218Z"
  }
},
{
  "model": "hotel.customer",
  "pk": 38,
  "fields": {
    "first_name": "Eric",
    "last_name": "Martin",
    "phone_number": "1114809258",
    "email": "davidhughes@example.com",
    "checkin_time": "2023-11-16T08:00:36.156Z",
    "checkout_time": "2023-11-18T08:00:36.156Z"
  }
},
{
  "model": "hotel.customer",
  "pk": 39,
  "fields": {
    "first_name": "Robert",
    "last_name": "Farmer",
    "phone_number": "8923189564",
    "email": "walterholloway@example.org",
    "checkin_time": "2023-10-29T15:33:57.321Z",
    "checkout_time": "2023-11-05T15:33:57.321Z"
  }
},
{
  "model": "hotel.customer",
  "pk": 40,
  "fields": {
    "first_name": "Adriana",
    "last_name": "Curtis",
    "phone_number": "3655349531",
    "email": "lori64@example.com",
    "checkin_time": "2023-10-21T18:30:44.288Z",
    "checkout_time": "2023-10-24T18:30:44.288Z"
  }
},
{
  "model": "hotel.customer",
  "pk": 41,
  "fields": {
    "first_name": "Monica",
    "last_name": "Lee",
    "phone_number": "2981709059",
    "email": "danielleschneider@example.org",
    "checkin_time": "2023-10-25T11:30:20.223Z",
    "checkout_time": "2023-10-30T11:30:20.223Z"
  }
},
{
  "model": "hotel.customer",
  "pk": 42,
  "fields": {
    "first_name": "Zachary",
    "last_name": "Black",
    "phone_number": "1454847789",
    "email": "abbotttroy@example.net",
    "checkin_time": "2023-10-21T23:12:07.144Z",
    "checkout_time": "2023-10-24T23:12:07.144Z"
  }
},
{
  "model": "hotel.customer",
  "pk": 43,
  "fields": {
    "first_name": "Christopher",
    "last_name": "Hernandez",
    "phone_number": "5707559881",
    "email": "bporter@example.org",
    "checkin_time": "2023-10-30T16:32:56.904Z",
    "checkout_time": "2023-11-04T16:32:56.904Z"
  }
},
{
  "model": "hotel.customer",
  "pk": 44,
  "fields": {
    "first_name": "Jennifer",
    "last_name": "Pena",
    "phone_number": "6841250996",
    "email": "holtjoel@example.com",
    "checkin_time": "2023-11-16T03:06:55.409Z",
    "checkout_time": "2023-11-17T03:06:55.409Z"
  }
},
{
  "model": "hotel.customer",
  "pk": 45,
  "fields": {
    "first_name": "Samuel",
    "last_name": "Sanchez",
    "phone_number": "6053414742",
    "email": "jerry05@example.net",
    "checkin_time": "2023-11-08T07:08:32.101Z",
    "checkout_time": "2023-11-12T07:08:32.101Z"
  }
},
{
  "model": "hotel.customer",
  "pk": 46,
  "fields": {
    "first_name": "Sarah",
    "last_name": "Petersen",
    "phone_number": "2314477431",
    "email": "jeromealexander@example.org",
    "checkin_time": "2023-11-09T22:37:51.044Z",
    "checkout_time": "2023-11-10T22:37:51.044Z"
  }
},
{
  "model": "hotel.customer",
  "pk": 47,
  "fields": {
    "first_name": "Dylan",
    "last_name": "Jennings",
    "phone_number": "8363262254",
    "email": "angelawilliams@example.net",
    "checkin_time": "2023-10-29T23:58:43.649Z",
    "checkout_time": "2023-11-02T23:58:43.649Z"
  }
},
{
  "model": "hotel.customer",
  "pk": 48,
  "fields": {
    "first_name": "Janet",
    "last_name": "Torres",
    "phone_number": "4678123303",
    "email": "esnyder@example.com",
    "checkin_time": "2023-10-21T22:14:58.636Z",
    "checkout_time": "2023-10-23T22:14:58.636Z"
  }
},
{
  "model": "hotel.customer",
  "pk": 49,
  "fields": {
    "first_name": "David",
    "last_name": "Fowler",
    "phone_number": "6008631448",
    "email": "jason98@example.org",
    "checkin_time": "2023-11-03T22:53:31.610Z",
    "checkout_time": "2023-11-07T22:53:31.610Z"
  }
},
{
  "model": "hotel.customer",
  "pk": 50,
  "fields": {
    "first_name": "Robert",
    "last_name": "Taylor",
    "phone_number": "1930615000",
    "email": "johnsoneric@example.net",
    "checkin_time": "2023-11-12T08:59:30.190Z",
    "checkout_time": "2023-11-19T08:59:30.190Z"
  }
},
{
  "model": "hotel.payment",
  "pk": 1,
  "fields": {
    "amount": "1000.00",
    "money_type": "credit",
    "transaction_type": "income",
    "description": "Payment for goods",
    "timestamp": "2023-11-19T19:05:57.907Z"
  }
},
{
  "model": "hotel.payment",
  "pk": 2,
  "fields": {
    "amount": "500.00",
    "money_type": "debit",
    "transaction_type": "outcome",
    "description": "Refund",
    "timestamp": "2023-11-19T19:05:57.907Z"
  }
},
{
  "model": "hotel.payment",
  "pk": 3,
  "fields": {
    "amount": "2000.00",
    "money_type": "credit",
    "transaction_type": "income",
    "description": "Online purchase",
    "timestamp": "2023-11-19T19:05:57.907Z"
  }
},
{
  "model": "hotel.payment",
  "pk": 4,
  "fields": {
    "amount": "400.00",
    "money_type": "debit",
    "transaction_type": "outcome",
    "description": "Subscription renewal",
    "timestamp": "2023-11-19T19:05:57.907Z"
  }
},
{
  "model": "hotel.payment",
  "pk": 5,
  "fields": {
    "amount": "1500.00",
    "money_type": "credit",
    "transaction_type": "income",
    "description": "Service payment",
    "timestamp": "2023-11-19T19:05:57.907Z"
  }
},
{
  "model": "hotel.payment",
  "pk": 6,
  "fields": {
    "amount": "1000.00",
    "money_type": "debit",
    "transaction_type": "outcome",
    "description": "Book purchase",
    "timestamp": "2023-11-19T19:05:57.907Z"
  }
},
{
  "model": "hotel.payment",
  "pk": 7,
  "fields": {
    "amount": "6000.00",
    "money_type": "credit",
    "transaction_type": "income",
    "description": "Restaurant bill",
    "timestamp": "2023-11-19T19:05:57.907Z"
  }
},
{
  "model": "hotel.payment",
  "pk": 8,
  "fields": {
    "amount": "2500.00",
    "money_type": "debit",
    "transaction_type": "outcome",
    "description": "Movie ticket",
    "timestamp": "2023-11-19T19:05:57.907Z"
  }
},
{
  "model": "hotel.payment",
  "pk": 9,
  "fields": {
    "amount": "9000.00",
    "money_type": "credit",
    "transaction_type": "income",
    "description": "Travel expense",
    "timestamp": "2023-11-19T19:05:57.907Z"
  }
},
{
  "model": "hotel.payment",
  "pk": 10,
  "fields": {
    "amount": "1700.00",
    "money_type": "debit",
    "transaction_type": "outcome",
    "description": "Coffee shop",
    "timestamp": "2023-11-19T19:05:57.907Z"
  }
},
{
  "model": "hotel.payment",
  "pk": 11,
  "fields": {
    "amount": "2000.00",
    "money_type": "credit",
    "transaction_type": "income",
    "description": "Product purchase",
    "timestamp": "2023-11-19T19:05:57.907Z"
  }
},
{
  "model": "hotel.facility",
  "pk": 1,
  "fields": {
    "name": "Swimming Pool",
    "cost_per_hour": 200
  }
},
{
  "model": "hotel.facility",
  "pk": 2,
  "fields": {
    "name": "Gym",
    "cost_per_hour": 150
  }
},
{
  "model": "hotel.facility",
  "pk": 3,
  "fields": {
    "name": "Spa",
    "cost_per_hour": 300
  }
},
{
  "model": "hotel.facility",
  "pk": 4,
  "fields": {
    "name": "Conference Room",
    "cost_per_hour": 5000
  }
},
{
  "model": "hotel.facility",
  "pk": 5,
  "fields": {
    "name": "Parking",
    "cost_per_hour": 50
  }
},
{
  "model": "hotel.facility",
  "pk": 6,
  "fields": {
    "name": "Lounge Area",
    "cost_per_hour": 200
  }
},
{
  "model": "hotel.facility",
  "pk": 7,
  "fields": {
    "name": "Tennis Court",
    "cost_per_hour": 150
  }
},
{
  "model": "hotel.facility",
  "pk": 8,
  "fields": {
    "name": "Game Room",
    "cost_per_hour": 70
  }
},
{
  "model": "hotel.facility",
  "pk": 9,
  "fields": {
    "name": "Library",
    "cost_per_hour": 50
  }
},
{
  "model": "hotel.facility",
  "pk": 10,
  "fields": {
    "name": "Karaoke Room",
    "cost_per_hour": 120
  }
},
{
  "model": "hotel.room",
  "pk": 1,
  "fields": {
    "floor": 7,
    "room_type": "Single",
    "accommodates": 1,
    "is_available": true
  }
},
{
  "model": "hotel.room",
  "pk": 2,
  "fields": {
    "floor": 8,
    "room_type": "Single",
    "accommodates": 1,
    "is_available": false
  }
},
{
  "model": "hotel.room",
  "pk": 3,
  "fields": {
    "floor": 9,
    "room_type": "Single",
    "accommodates": 1,
    "is_available": false
  }
},
{
  "model": "hotel.room",
  "pk": 4,
  "fields": {
    "floor": 7,
    "room_type": "Single",
    "accommodates": 1,
    "is_available": true
  }
},
{
  "model": "hotel.room",
  "pk": 5,
  "fields": {
    "floor": 10,
    "room_type": "Single",
    "accommodates": 1,
    "is_available": false
  }
},
{
  "model": "hotel.room",
  "pk": 6,
  "fields": {
    "floor": 10,
    "room_type": "Single",
    "accommodates": 1,
    "is_available": true
  }
},
{
  "model": "hotel.room",
  "pk": 7,
  "fields": {
    "floor": 9,
    "room_type": "Single",
    "accommodates": 1,
    "is_available": true
  }
},
{
  "model": "hotel.room",
  "pk": 8,
  "fields": {
    "floor": 5,
    "room_type": "Single",
    "accommodates": 1,
    "is_available": true
  }
},
{
  "model": "hotel.room",
  "pk": 9,
  "fields": {
    "floor": 9,
    "room_type": "Single",
    "accommodates": 1,
    "is_available": false
  }
},
{
  "model": "hotel.room",
  "pk": 10,
  "fields": {
    "floor": 3,
    "room_type": "Single",
    "accommodates": 1,
    "is_available": true
  }
},
{
  "model": "hotel.room",
  "pk": 11,
  "fields": {
    "floor": 2,
    "room_type": "Single",
    "accommodates": 1,
    "is_available": false
  }
},
{
  "model": "hotel.room",
  "pk": 12,
  "fields": {
    "floor": 2,
    "room_type": "Single",
    "accommodates": 1,
    "is_available": false
  }
},
{
  "model": "hotel.room",
  "pk": 13,
  "fields": {
    "floor": 5,
    "room_type": "Single",
    "accommodates": 1,
    "is_available": false
  }
},
{
  "model": "hotel.room",
  "pk": 14,
  "fields": {
    "floor": 10,
    "room_type": "Single",
    "accommodates": 1,
    "is_available": true
  }
},
{
  "model": "hotel.room",
  "pk": 15,
  "fields": {
    "floor": 4,
    "room_type": "Single",
    "accommodates": 1,
    "is_available": true
  }
},
{
  "model": "hotel.room",
  "pk": 16,
  "fields": {
    "floor": 6,
    "room_type": "Single",
    "accommodates": 1,
    "is_available": true
  }
},
{
  "model": "hotel.room",
  "pk": 17,
  "fields": {
    "floor": 4,
    "room_type": "Single",
    "accommodates": 1,
    "is_available": true
  }
},
{
  "model": "hotel.room",
  "pk": 18,
  "fields": {
    "floor": 10,
    "room_type": "Single",
    "accommodates": 1,
    "is_available": false
  }
},
{
  "model": "hotel.room",
  "pk": 19,
  "fields": {
    "floor": 3,
    "room_type": "Single",
    "accommodates": 1,
    "is_available": false
  }
},
{
  "model": "hotel.room",
  "pk": 20,
  "fields": {
    "floor": 2,
    "room_type": "Single",
    "accommodates": 1,
    "is_available": false
  }
},
{
  "model": "hotel.room",
  "pk": 21,
  "fields": {
    "floor": 8,
    "room_type": "Single",
    "accommodates": 1,
    "is_available": false
  }
},
{
  "model": "hotel.room",
  "pk": 22,
  "fields": {
    "floor": 4,
    "room_type": "Single",
    "accommodates": 1,
    "is_available": false
  }
},
{
  "model": "hotel.room",
  "pk": 23,
  "fields": {
    "floor": 2,
    "room_type": "Single",
    "accommodates": 1,
    "is_available": true
  }
},
{
  "model": "hotel.room",
  "pk": 24,
  "fields": {
    "floor": 7,
    "room_type": "Single",
    "accommodates": 1,
    "is_available": false
  }
},
{
  "model": "hotel.room",
  "pk": 25,
  "fields": {
    "floor": 4,
    "room_type": "Single",
    "accommodates": 1,
    "is_available": true
  }
},
{
  "model": "hotel.room",
  "pk": 26,
  "fields": {
    "floor": 2,
    "room_type": "Single",
    "accommodates": 1,
    "is_available": false
  }
},
{
  "model": "hotel.room",
  "pk": 27,
  "fields": {
    "floor": 1,
    "room_type": "Single",
    "accommodates": 1,
    "is_available": false
  }
},
{
  "model": "hotel.room",
  "pk": 28,
  "fields": {
    "floor": 3,
    "room_type": "Single",
    "accommodates": 1,
    "is_available": false
  }
},
{
  "model": "hotel.room",
  "pk": 29,
  "fields": {
    "floor": 1,
    "room_type": "Single",
    "accommodates": 1,
    "is_available": true
  }
},
{
  "model": "hotel.room",
  "pk": 30,
  "fields": {
    "floor": 4,
    "room_type": "Single",
    "accommodates": 1,
    "is_available": false
  }
},
{
  "model": "hotel.room",
  "pk": 31,
  "fields": {
    "floor": 4,
    "room_type": "Single",
    "accommodates": 1,
    "is_available": false
  }
},
{
  "model": "hotel.room",
  "pk": 32,
  "fields": {
    "floor": 2,
    "room_type": "Single",
    "accommodates": 1,
    "is_available": true
  }
},
{
  "model": "hotel.room",
  "pk": 33,
  "fields": {
    "floor": 4,
    "room_type": "Single",
    "accommodates": 1,
    "is_available": true
  }
},
{
  "model": "hotel.room",
  "pk": 34,
  "fields": {
    "floor": 5,
    "room_type": "Single",
    "accommodates": 1,
    "is_available": true
  }
},
{
  "model": "hotel.room",
  "pk": 35,
  "fields": {
    "floor": 6,
    "room_type": "Single",
    "accommodates": 1,
    "is_available": true
  }
},
{
  "model": "hotel.room",
  "pk": 36,
  "fields": {
    "floor": 5,
    "room_type": "Single",
    "accommodates": 1,
    "is_available": false
  }
},
{
  "model": "hotel.room",
  "pk": 37,
  "fields": {
    "floor": 7,
    "room_type": "Single",
    "accommodates": 1,
    "is_available": true
  }
},
{
  "model": "hotel.room",
  "pk": 38,
  "fields": {
    "floor": 1,
    "room_type": "Single",
    "accommodates": 1,
    "is_available": false
  }
},
{
  "model": "hotel.room",
  "pk": 39,
  "fields": {
    "floor": 5,
    "room_type": "Single",
    "accommodates": 1,
    "is_available": false
  }
},
{
  "model": "hotel.room",
  "pk": 40,
  "fields": {
    "floor": 8,
    "room_type": "Single",
    "accommodates": 1,
    "is_available": false
  }
},
{
  "model": "hotel.room",
  "pk": 41,
  "fields": {
    "floor": 7,
    "room_type": "Single",
    "accommodates": 1,
    "is_available": true
  }
},
{
  "model": "hotel.room",
  "pk": 42,
  "fields": {
    "floor": 9,
    "room_type": "Single",
    "accommodates": 1,
    "is_available": true
  }
},
{
  "model": "hotel.room",
  "pk": 43,
  "fields": {
    "floor": 9,
    "room_type": "Single",
    "accommodates": 1,
    "is_available": true
  }
},
{
  "model": "hotel.room",
  "pk": 44,
  "fields": {
    "floor": 8,
    "room_type": "Single",
    "accommodates": 1,
    "is_available": false
  }
},
{
  "model": "hotel.room",
  "pk": 45,
  "fields": {
    "floor": 1,
    "room_type": "Single",
    "accommodates": 1,
    "is_available": false
  }
},
{
  "model": "hotel.room",
  "pk": 46,
  "fields": {
    "floor": 10,
    "room_type": "Single",
    "accommodates": 1,
    "is_available": true
  }
},
{
  "model": "hotel.room",
  "pk": 47,
  "fields": {
    "floor": 4,
    "room_type": "Single",
    "accommodates": 1,
    "is_available": true
  }
},
{
  "model": "hotel.room",
  "pk": 48,
  "fields": {
    "floor": 6,
    "room_type": "Single",
    "accommodates": 1,
    "is_available": false
  }
},
{
  "model": "hotel.room",
  "pk": 49,
  "fields": {
    "floor": 4,
    "room_type": "Single",
    "accommodates": 1,
    "is_available": true
  }
},
{
  "model": "hotel.room",
  "pk": 50,
  "fields": {
    "floor": 8,
    "room_type": "Single",
    "accommodates": 1,
    "is_available": true
  }
},
{
  "model": "hotel.room",
  "pk": 51,
  "fields": {
    "floor": 7,
    "room_type": "Double",
    "accommodates": 2,
    "is_available": true
  }
},
{
  "model": "hotel.room",
  "pk": 52,
  "fields": {
    "floor": 6,
    "room_type": "Double",
    "accommodates": 2,
    "is_available": false
  }
},
{
  "model": "hotel.room",
  "pk": 53,
  "fields": {
    "floor": 5,
    "room_type": "Double",
    "accommodates": 2,
    "is_available": false
  }
},
{
  "model": "hotel.room",
  "pk": 54,
  "fields": {
    "floor": 7,
    "room_type": "Double",
    "accommodates": 2,
    "is_available": true
  }
},
{
  "model": "hotel.room",
  "pk": 55,
  "fields": {
    "floor": 1,
    "room_type": "Double",
    "accommodates": 2,
    "is_available": true
  }
},
{
  "model": "hotel.room",
  "pk": 56,
  "fields": {
    "floor": 2,
    "room_type": "Double",
    "accommodates": 2,
    "is_available": false
  }
},
{
  "model": "hotel.room",
  "pk": 57,
  "fields": {
    "floor": 1,
    "room_type": "Double",
    "accommodates": 2,
    "is_available": true
  }
},
{
  "model": "hotel.room",
  "pk": 58,
  "fields": {
    "floor": 8,
    "room_type": "Double",
    "accommodates": 2,
    "is_available": true
  }
},
{
  "model": "hotel.room",
  "pk": 59,
  "fields": {
    "floor": 1,
    "room_type": "Double",
    "accommodates": 2,
    "is_available": true
  }
},
{
  "model": "hotel.room",
  "pk": 60,
  "fields": {
    "floor": 10,
    "room_type": "Double",
    "accommodates": 2,
    "is_available": true
  }
},
{
  "model": "hotel.room",
  "pk": 61,
  "fields": {
    "floor": 4,
    "room_type": "Double",
    "accommodates": 2,
    "is_available": false
  }
},
{
  "model": "hotel.room",
  "pk": 62,
  "fields": {
    "floor": 5,
    "room_type": "Double",
    "accommodates": 2,
    "is_available": true
  }
},
{
  "model": "hotel.room",
  "pk": 63,
  "fields": {
    "floor": 7,
    "room_type": "Double",
    "accommodates": 2,
    "is_available": false
  }
},
{
  "model": "hotel.room",
  "pk": 64,
  "fields": {
    "floor": 2,
    "room_type": "Double",
    "accommodates": 2,
    "is_available": false
  }
},
{
  "model": "hotel.room",
  "pk": 65,
  "fields": {
    "floor": 2,
    "room_type": "Double",
    "accommodates": 2,
    "is_available": true
  }
},
{
  "model": "hotel.room",
  "pk": 66,
  "fields": {
    "floor": 8,
    "room_type": "Double",
    "accommodates": 2,
    "is_available": false
  }
},
{
  "model": "hotel.room",
  "pk": 67,
  "fields": {
    "floor": 8,
    "room_type": "Double",
    "accommodates": 2,
    "is_available": false
  }
},
{
  "model": "hotel.room",
  "pk": 68,
  "fields": {
    "floor": 9,
    "room_type": "Double",
    "accommodates": 2,
    "is_available": false
  }
},
{
  "model": "hotel.room",
  "pk": 69,
  "fields": {
    "floor": 2,
    "room_type": "Double",
    "accommodates": 2,
    "is_available": false
  }
},
{
  "model": "hotel.room",
  "pk": 70,
  "fields": {
    "floor": 9,
    "room_type": "Double",
    "accommodates": 2,
    "is_available": true
  }
},
{
  "model": "hotel.room",
  "pk": 71,
  "fields": {
    "floor": 4,
    "room_type": "Suite",
    "accommodates": 4,
    "is_available": true
  }
},
{
  "model": "hotel.room",
  "pk": 72,
  "fields": {
    "floor": 7,
    "room_type": "Suite",
    "accommodates": 4,
    "is_available": false
  }
},
{
  "model": "hotel.room",
  "pk": 73,
  "fields": {
    "floor": 7,
    "room_type": "Suite",
    "accommodates": 4,
    "is_available": false
  }
},
{
  "model": "hotel.room",
  "pk": 74,
  "fields": {
    "floor": 10,
    "room_type": "Suite",
    "accommodates": 4,
    "is_available": true
  }
},
{
  "model": "hotel.room",
  "pk": 75,
  "fields": {
    "floor": 2,
    "room_type": "Suite",
    "accommodates": 4,
    "is_available": true
  }
},
{
  "model": "hotel.room",
  "pk": 76,
  "fields": {
    "floor": 3,
    "room_type": "Suite",
    "accommodates": 4,
    "is_available": false
  }
},
{
  "model": "hotel.room",
  "pk": 77,
  "fields": {
    "floor": 10,
    "room_type": "Suite",
    "accommodates": 4,
    "is_available": true
  }
},
{
  "model": "hotel.room",
  "pk": 78,
  "fields": {
    "floor": 5,
    "room_type": "Suite",
    "accommodates": 4,
    "is_available": false
  }
},
{
  "model": "hotel.room",
  "pk": 79,
  "fields": {
    "floor": 5,
    "room_type": "Suite",
    "accommodates": 4,
    "is_available": false
  }
},
{
  "model": "hotel.room",
  "pk": 80,
  "fields": {
    "floor": 10,
    "room_type": "Suite",
    "accommodates": 4,
    "is_available": true
  }
},
{
  "model": "hotel.room",
  "pk": 81,
  "fields": {
    "floor": 6,
    "room_type": "Suite",
    "accommodates": 4,
    "is_available": false
  }
},
{
  "model": "hotel.room",
  "pk": 82,
  "fields": {
    "floor": 3,
    "room_type": "Suite",
    "accommodates": 4,
    "is_available": true
  }
},
{
  "model": "hotel.room",
  "pk": 83,
  "fields": {
    "floor": 3,
    "room_type": "Suite",
    "accommodates": 4,
    "is_available": true
  }
},
{
  "model": "hotel.room",
  "pk": 84,
  "fields": {
    "floor": 7,
    "room_type": "Suite",
    "accommodates": 4,
    "is_available": true
  }
},
{
  "model": "hotel.room",
  "pk": 85,
  "fields": {
    "floor": 7,
    "room_type": "Suite",
    "accommodates": 4,
    "is_available": false
  }
},
{
  "model": "hotel.room",
  "pk": 86,
  "fields": {
    "floor": 3,
    "room_type": "Suite",
    "accommodates": 4,
    "is_available": true
  }
},
{
  "model": "hotel.room",
  "pk": 87,
  "fields": {
    "floor": 5,
    "room_type": "Suite",
    "accommodates": 4,
    "is_available": false
  }
},
{
  "model": "hotel.room",
  "pk": 88,
  "fields": {
    "floor": 10,
    "room_type": "Suite",
    "accommodates": 4,
    "is_available": true
  }
},
{
  "model": "hotel.room",
  "pk": 89,
  "fields": {
    "floor": 4,
    "room_type": "Suite",
    "accommodates": 4,
    "is_available": false
  }
},
{
  "model": "hotel.room",
  "pk": 90,
  "fields": {
    "floor": 2,
    "room_type": "Suite",
    "accommodates": 4,
    "is_available": true
  }
},
{
  "model": "hotel.room",
  "pk": 91,
  "fields": {
    "floor": 10,
    "room_type": "Penthouse",
    "accommodates": 6,
    "is_available": false
  }
},
{
  "model": "hotel.room",
  "pk": 92,
  "fields": {
    "floor": 7,
    "room_type": "Penthouse",
    "accommodates": 6,
    "is_available": false
  }
},
{
  "model": "hotel.room",
  "pk": 93,
  "fields": {
    "floor": 8,
    "room_type": "Penthouse",
    "accommodates": 6,
    "is_available": false
  }
},
{
  "model": "hotel.room",
  "pk": 94,
  "fields": {
    "floor": 4,
    "room_type": "Penthouse",
    "accommodates": 6,
    "is_available": true
  }
},
{
  "model": "hotel.room",
  "pk": 95,
  "fields": {
    "floor": 7,
    "room_type": "Penthouse",
    "accommodates": 6,
    "is_available": true
  }
},
{
  "model": "hotel.room",
  "pk": 96,
  "fields": {
    "floor": 9,
    "room_type": "Penthouse",
    "accommodates": 6,
    "is_available": true
  }
},
{
  "model": "hotel.room",
  "pk": 97,
  "fields": {
    "floor": 1,
    "room_type": "Penthouse",
    "accommodates": 6,
    "is_available": true
  }
},
{
  "model": "hotel.room",
  "pk": 98,
  "fields": {
    "floor": 3,
    "room_type": "Penthouse",
    "accommodates": 6,
    "is_available": false
  }
},
{
  "model": "hotel.room",
  "pk": 99,
  "fields": {
    "floor": 1,
    "room_type": "Penthouse",
    "accommodates": 6,
    "is_available": false
  }
},
{
  "model": "hotel.room",
  "pk": 100,
  "fields": {
    "floor": 5,
    "room_type": "Penthouse",
    "accommodates": 6,
    "is_available": true
  }
},
{
  "model": "hotel.reservedroom",
  "pk": 1,
  "fields": {
    "customer": 16,
    "room": 98,
    "room_number": 186,
    "checkin_time": "2023-11-08T11:08:32.287Z",
    "checkout_time": "2023-11-15T11:08:32.287Z"
  }
},
{
  "model": "hotel.reservedroom",
  "pk": 2,
  "fields": {
    "customer": 45,
    "room": 12,
    "room_number": 113,
    "checkin_time": "2023-11-01T20:29:07.111Z",
    "checkout_time": "2023-11-07T20:29:07.111Z"
  }
},
{
  "model": "hotel.reservedroom",
  "pk": 3,
  "fields": {
    "customer": 12,
    "room": 35,
    "room_number": 109,
    "checkin_time": "2023-11-04T00:28:14.086Z",
    "checkout_time": "2023-11-10T00:28:14.086Z"
  }
},
{
  "model": "hotel.reservedroom",
  "pk": 4,
  "fields": {
    "customer": 1,
    "room": 71,
    "room_number": 102,
    "checkin_time": "2023-11-02T14:11:40.970Z",
    "checkout_time": "2023-11-05T14:11:40.970Z"
  }
},
{
  "model": "hotel.reservedroom",
  "pk": 5,
  "fields": {
    "customer": 15,
    "room": 81,
    "room_number": 142,
    "checkin_time": "2023-10-31T19:15:29.748Z",
    "checkout_time": "2023-11-02T19:15:29.748Z"
  }
},
{
  "model": "hotel.reservedroom",
  "pk": 6,
  "fields": {
    "customer": 25,
    "room": 80,
    "room_number": 146,
    "checkin_time": "2023-11-09T11:13:07.141Z",
    "checkout_time": "2023-11-15T11:13:07.141Z"
  }
},
{
  "model": "hotel.reservedroom",
  "pk": 7,
  "fields": {
    "customer": 41,
    "room": 4,
    "room_number": 177,
    "checkin_time": "2023-10-22T04:42:28.916Z",
    "checkout_time": "2023-10-27T04:42:28.916Z"
  }
},
{
  "model": "hotel.reservedroom",
  "pk": 8,
  "fields": {
    "customer": 45,
    "room": 1,
    "room_number": 138,
    "checkin_time": "2023-10-28T05:10:41.555Z",
    "checkout_time": "2023-11-03T05:10:41.555Z"
  }
},
{
  "model": "hotel.reservedroom",
  "pk": 9,
  "fields": {
    "customer": 46,
    "room": 73,
    "room_number": 174,
    "checkin_time": "2023-11-04T17:10:56.534Z",
    "checkout_time": "2023-11-06T17:10:56.534Z"
  }
},
{
  "model": "hotel.reservedroom",
  "pk": 10,
  "fields": {
    "customer": 1,
    "room": 46,
    "room_number": 165,
    "checkin_time": "2023-10-31T08:48:42.420Z",
    "checkout_time": "2023-11-02T08:48:42.420Z"
  }
},
{
  "model": "hotel.reservedroom",
  "pk": 11,
  "fields": {
    "customer": 3,
    "room": 27,
    "room_number": 125,
    "checkin_time": "2023-10-31T01:54:18.425Z",
    "checkout_time": "2023-11-01T01:54:18.425Z"
  }
},
{
  "model": "hotel.reservedroom",
  "pk": 12,
  "fields": {
    "customer": 32,
    "room": 84,
    "room_number": 127,
    "checkin_time": "2023-10-26T10:11:13.531Z",
    "checkout_time": "2023-11-02T10:11:13.531Z"
  }
},
{
  "model": "hotel.reservedroom",
  "pk": 13,
  "fields": {
    "customer": 45,
    "room": 52,
    "room_number": 190,
    "checkin_time": "2023-10-25T21:44:58.864Z",
    "checkout_time": "2023-10-26T21:44:58.864Z"
  }
},
{
  "model": "hotel.reservedroom",
  "pk": 14,
  "fields": {
    "customer": 2,
    "room": 54,
    "room_number": 184,
    "checkin_time": "2023-10-25T20:14:19.182Z",
    "checkout_time": "2023-10-28T20:14:19.182Z"
  }
},
{
  "model": "hotel.reservedroom",
  "pk": 15,
  "fields": {
    "customer": 12,
    "room": 69,
    "room_number": 189,
    "checkin_time": "2023-11-19T12:32:51.091Z",
    "checkout_time": "2023-11-25T12:32:51.091Z"
  }
},
{
  "model": "hotel.reservedroom",
  "pk": 16,
  "fields": {
    "customer": 9,
    "room": 68,
    "room_number": 114,
    "checkin_time": "2023-11-10T13:47:03.234Z",
    "checkout_time": "2023-11-17T13:47:03.234Z"
  }
},
{
  "model": "hotel.reservedroom",
  "pk": 17,
  "fields": {
    "customer": 20,
    "room": 51,
    "room_number": 121,
    "checkin_time": "2023-11-03T17:37:02.332Z",
    "checkout_time": "2023-11-09T17:37:02.332Z"
  }
},
{
  "model": "hotel.reservedroom",
  "pk": 18,
  "fields": {
    "customer": 16,
    "room": 19,
    "room_number": 162,
    "checkin_time": "2023-11-16T06:39:36.462Z",
    "checkout_time": "2023-11-23T06:39:36.462Z"
  }
},
{
  "model": "hotel.reservedroom",
  "pk": 19,
  "fields": {
    "customer": 50,
    "room": 37,
    "room_number": 127,
    "checkin_time": "2023-11-08T10:04:14.987Z",
    "checkout_time": "2023-11-14T10:04:14.987Z"
  }
},
{
  "model": "hotel.reservedroom",
  "pk": 20,
  "fields": {
    "customer": 12,
    "room": 1,
    "room_number": 133,
    "checkin_time": "2023-10-28T17:45:21.898Z",
    "checkout_time": "2023-10-31T17:45:21.898Z"
  }
},
{
  "model": "hotel.reservedroom",
  "pk": 21,
  "fields": {
    "customer": 14,
    "room": 40,
    "room_number": 157,
    "checkin_time": "2023-11-15T18:00:25.334Z",
    "checkout_time": "2023-11-18T18:00:25.334Z"
  }
},
{
  "model": "hotel.reservedroom",
  "pk": 22,
  "fields": {
    "customer": 46,
    "room": 36,
    "room_number": 139,
    "checkin_time": "2023-11-12T14:31:12.006Z",
    "checkout_time": "2023-11-14T14:31:12.006Z"
  }
},
{
  "model": "hotel.reservedroom",
  "pk": 23,
  "fields": {
    "customer": 37,
    "room": 70,
    "room_number": 156,
    "checkin_time": "2023-11-17T05:46:23.852Z",
    "checkout_time": "2023-11-23T05:46:23.852Z"
  }
},
{
  "model": "hotel.reservedroom",
  "pk": 24,
  "fields": {
    "customer": 10,
    "room": 63,
    "room_number": 127,
    "checkin_time": "2023-11-16T23:35:10.101Z",
    "checkout_time": "2023-11-18T23:35:10.101Z"
  }
},
{
  "model": "hotel.reservedroom",
  "pk": 25,
  "fields": {
    "customer": 31,
    "room": 87,
    "room_number": 197,
    "checkin_time": "2023-11-08T04:14:40.217Z",
    "checkout_time": "2023-11-14T04:14:40.217Z"
  }
},
{
  "model": "hotel.reservedroom",
  "pk": 26,
  "fields": {
    "customer": 8,
    "room": 96,
    "room_number": 161,
    "checkin_time": "2023-11-15T03:48:01.863Z",
    "checkout_time": "2023-11-16T03:48:01.863Z"
  }
},
{
  "model": "hotel.reservedroom",
  "pk": 27,
  "fields": {
    "customer": 26,
    "room": 13,
    "room_number": 112,
    "checkin_time": "2023-11-09T20:53:35.538Z",
    "checkout_time": "2023-11-14T20:53:35.538Z"
  }
},
{
  "model": "hotel.reservedroom",
  "pk": 28,
  "fields": {
    "customer": 38,
    "room": 62,
    "room_number": 105,
    "checkin_time": "2023-11-01T16:26:06.197Z",
    "checkout_time": "2023-11-04T16:26:06.197Z"
  }
},
{
  "model": "hotel.reservedroom",
  "pk": 29,
  "fields": {
    "customer": 17,
    "room": 16,
    "room_number": 168,
    "checkin_time": "2023-10-24T16:15:24.843Z",
    "checkout_time": "2023-10-25T16:15:24.843Z"
  }
},
{
  "model": "hotel.reservedroom",
  "pk": 30,
  "fields": {
    "customer": 15,
    "room": 19,
    "room_number": 116,
    "checkin_time": "2023-11-06T11:17:20.346Z",
    "checkout_time": "2023-11-12T11:17:20.346Z"
  }
},
{
  "model": "hotel.reservedroom",
  "pk": 31,
  "fields": {
    "customer": 4,
    "room": 85,
    "room_number": 137,
    "checkin_time": "2023-11-01T16:42:40.948Z",
    "checkout_time": "2023-11-06T16:42:40.948Z"
  }
},
{
  "model": "hotel.reservedroom",
  "pk": 32,
  "fields": {
    "customer": 16,
    "room": 62,
    "room_number": 168,
    "checkin_time": "2023-11-13T01:06:56.343Z",
    "checkout_time": "2023-11-17T01:06:56.343Z"
  }
},
{
  "model": "hotel.reservedroom",
  "pk": 33,
  "fields": {
    "customer": 7,
    "room": 11,
    "room_number": 184,
    "checkin_time": "2023-11-07T23:15:05.169Z",
    "checkout_time": "2023-11-09T23:15:05.169Z"
  }
},
{
  "model": "hotel.reservedroom",
  "pk": 34,
  "fields": {
    "customer": 1,
    "room": 57,
    "room_number": 183,
    "checkin_time": "2023-11-12T11:17:17.601Z",
    "checkout_time": "2023-11-18T11:17:17.601Z"
  }
},
{
  "model": "hotel.reservedroom",
  "pk": 35,
  "fields": {
    "customer": 38,
    "room": 3,
    "room_number": 104,
    "checkin_time": "2023-11-09T00:10:04.835Z",
    "checkout_time": "2023-11-12T00:10:04.835Z"
  }
},
{
  "model": "hotel.reservedroom",
  "pk": 36,
  "fields": {
    "customer": 24,
    "room": 63,
    "room_number": 126,
    "checkin_time": "2023-11-12T12:42:55.528Z",
    "checkout_time": "2023-11-18T12:42:55.528Z"
  }
},
{
  "model": "hotel.reservedroom",
  "pk": 37,
  "fields": {
    "customer": 25,
    "room": 94,
    "room_number": 177,
    "checkin_time": "2023-11-01T02:41:40.782Z",
    "checkout_time": "2023-11-07T02:41:40.782Z"
  }
},
{
  "model": "hotel.reservedroom",
  "pk": 38,
  "fields": {
    "customer": 26,
    "room": 9,
    "room_number": 154,
    "checkin_time": "2023-11-05T00:38:46.922Z",
    "checkout_time": "2023-11-10T00:38:46.922Z"
  }
},
{
  "model": "hotel.reservedroom",
  "pk": 39,
  "fields": {
    "customer": 9,
    "room": 83,
    "room_number": 114,
    "checkin_time": "2023-10-30T13:01:02.184Z",
    "checkout_time": "2023-11-02T13:01:02.184Z"
  }
},
{
  "model": "hotel.reservedroom",
  "pk": 40,
  "fields": {
    "customer": 1,
    "room": 92,
    "room_number": 105,
    "checkin_time": "2023-11-13T21:21:46.586Z",
    "checkout_time": "2023-11-19T21:21:46.586Z"
  }
},
{
  "model": "hotel.reservedroom",
  "pk": 41,
  "fields": {
    "customer": 37,
    "room": 68,
    "room_number": 127,
    "checkin_time": "2023-11-17T05:45:33.515Z",
    "checkout_time": "2023-11-23T05:45:33.515Z"
  }
},
{
  "model": "hotel.reservedroom",
  "pk": 42,
  "fields": {
    "customer": 42,
    "room": 17,
    "room_number": 185,
    "checkin_time": "2023-10-27T02:19:14.284Z",
    "checkout_time": "2023-10-30T02:19:14.284Z"
  }
},
{
  "model": "hotel.reservedroom",
  "pk": 43,
  "fields": {
    "customer": 27,
    "room": 17,
    "room_number": 148,
    "checkin_time": "2023-10-28T08:20:05.933Z",
    "checkout_time": "2023-11-04T08:20:05.933Z"
  }
},
{
  "model": "hotel.reservedroom",
  "pk": 44,
  "fields": {
    "customer": 18,
    "room": 84,
    "room_number": 192,
    "checkin_time": "2023-11-13T14:37:05.963Z",
    "checkout_time": "2023-11-15T14:37:05.963Z"
  }
},
{
  "model": "hotel.reservedroom",
  "pk": 45,
  "fields": {
    "customer": 40,
    "room": 2,
    "room_number": 153,
    "checkin_time": "2023-10-25T10:56:41.267Z",
    "checkout_time": "2023-10-26T10:56:41.267Z"
  }
},
{
  "model": "hotel.reservedroom",
  "pk": 46,
  "fields": {
    "customer": 24,
    "room": 57,
    "room_number": 146,
    "checkin_time": "2023-11-02T02:41:31.433Z",
    "checkout_time": "2023-11-07T02:41:31.433Z"
  }
},
{
  "model": "hotel.reservedroom",
  "pk": 47,
  "fields": {
    "customer": 32,
    "room": 76,
    "room_number": 124,
    "checkin_time": "2023-11-05T10:37:43.572Z",
    "checkout_time": "2023-11-10T10:37:43.572Z"
  }
},
{
  "model": "hotel.reservedroom",
  "pk": 48,
  "fields": {
    "customer": 4,
    "room": 71,
    "room_number": 139,
    "checkin_time": "2023-11-19T02:15:28.316Z",
    "checkout_time": "2023-11-26T02:15:28.316Z"
  }
},
{
  "model": "hotel.reservedroom",
  "pk": 49,
  "fields": {
    "customer": 15,
    "room": 70,
    "room_number": 112,
    "checkin_time": "2023-11-11T16:38:03.804Z",
    "checkout_time": "2023-11-12T16:38:03.804Z"
  }
},
{
  "model": "hotel.reservedroom",
  "pk": 50,
  "fields": {
    "customer": 46,
    "room": 86,
    "room_number": 169,
    "checkin_time": "2023-11-12T23:11:34.997Z",
    "checkout_time": "2023-11-17T23:11:34.997Z"
  }
},
{
  "model": "hotel.reservedfacility",
  "pk": 1,
  "fields": {
    "customer": 50,
    "facility": 2,
    "checkin_time": "2023-10-23T21:31:15.682Z",
    "checkout_time": "2023-10-23T22:31:15.682Z"
  }
},
{
  "model": "hotel.reservedfacility",
  "pk": 2,
  "fields": {
    "customer": 17,
    "facility": 2,
    "checkin_time": "2023-10-23T08:58:45.688Z",
    "checkout_time": "2023-10-23T09:58:45.688Z"
  }
},
{
  "model": "hotel.reservedfacility",
  "pk": 3,
  "fields": {
    "customer": 34,
    "facility": 9,
    "checkin_time": "2023-11-14T17:27:24.471Z",
    "checkout_time": "2023-11-14T20:27:24.471Z"
  }
},
{
  "model": "hotel.reservedfacility",
  "pk": 4,
  "fields": {
    "customer": 26,
    "facility": 10,
    "checkin_time": "2023-10-28T10:46:15.094Z",
    "checkout_time": "2023-10-28T13:46:15.094Z"
  }
},
{
  "model": "hotel.reservedfacility",
  "pk": 5,
  "fields": {
    "customer": 44,
    "facility": 4,
    "checkin_time": "2023-10-22T08:00:20.488Z",
    "checkout_time": "2023-10-22T11:00:20.488Z"
  }
},
{
  "model": "hotel.reservedfacility",
  "pk": 6,
  "fields": {
    "customer": 9,
    "facility": 1,
    "checkin_time": "2023-11-15T21:34:45.316Z",
    "checkout_time": "2023-11-15T23:34:45.316Z"
  }
},
{
  "model": "hotel.reservedfacility",
  "pk": 7,
  "fields": {
    "customer": 1,
    "facility": 8,
    "checkin_time": "2023-11-16T14:41:48.949Z",
    "checkout_time": "2023-11-16T15:41:48.949Z"
  }
},
{
  "model": "hotel.reservedfacility",
  "pk": 8,
  "fields": {
    "customer": 5,
    "facility": 3,
    "checkin_time": "2023-11-11T07:17:59.459Z",
    "checkout_time": "2023-11-11T11:17:59.459Z"
  }
},
{
  "model": "hotel.reservedfacility",
  "pk": 9,
  "fields": {
    "customer": 50,
    "facility": 8,
    "checkin_time": "2023-11-05T19:34:25.988Z",
    "checkout_time": "2023-11-05T22:34:25.988Z"
  }
},
{
  "model": "hotel.reservedfacility",
  "pk": 10,
  "fields": {
    "customer": 30,
    "facility": 4,
    "checkin_time": "2023-11-08T01:52:28.170Z",
    "checkout_time": "2023-11-08T03:52:28.170Z"
  }
},
{
  "model": "hotel.reservedfacility",
  "pk": 11,
  "fields": {
    "customer": 32,
    "facility": 7,
    "checkin_time": "2023-11-12T05:41:21.047Z",
    "checkout_time": "2023-11-12T08:41:21.047Z"
  }
},
{
  "model": "hotel.reservedfacility",
  "pk": 12,
  "fields": {
    "customer": 11,
    "facility": 10,
    "checkin_time": "2023-10-30T14:32:02.062Z",
    "checkout_time": "2023-10-30T15:32:02.062Z"
  }
},
{
  "model": "hotel.reservedfacility",
  "pk": 13,
  "fields": {
    "customer": 8,
    "facility": 7,
    "checkin_time": "2023-11-17T19:27:53.082Z",
    "checkout_time": "2023-11-17T21:27:53.082Z"
  }
},
{
  "model": "hotel.reservedfacility",
  "pk": 14,
  "fields": {
    "customer": 50,
    "facility": 5,
    "checkin_time": "2023-10-21T09:25:39.789Z",
    "checkout_time": "2023-10-21T14:25:39.789Z"
  }
},
{
  "model": "hotel.reservedfacility",
  "pk": 15,
  "fields": {
    "customer": 17,
    "facility": 9,
    "checkin_time": "2023-10-29T10:45:43.802Z",
    "checkout_time": "2023-10-29T14:45:43.802Z"
  }
},
{
  "model": "hotel.reservedfacility",
  "pk": 16,
  "fields": {
    "customer": 7,
    "facility": 3,
    "checkin_time": "2023-11-01T09:36:45.609Z",
    "checkout_time": "2023-11-01T12:36:45.609Z"
  }
},
{
  "model": "hotel.reservedfacility",
  "pk": 17,
  "fields": {
    "customer": 26,
    "facility": 3,
    "checkin_time": "2023-11-01T07:50:17.617Z",
    "checkout_time": "2023-11-01T12:50:17.617Z"
  }
},
{
  "model": "hotel.reservedfacility",
  "pk": 18,
  "fields": {
    "customer": 5,
    "facility": 1,
    "checkin_time": "2023-11-18T13:01:40.837Z",
    "checkout_time": "2023-11-18T16:01:40.837Z"
  }
},
{
  "model": "hotel.reservedfacility",
  "pk": 19,
  "fields": {
    "customer": 44,
    "facility": 4,
    "checkin_time": "2023-11-05T04:16:18.225Z",
    "checkout_time": "2023-11-05T08:16:18.225Z"
  }
},
{
  "model": "hotel.reservedfacility",
  "pk": 20,
  "fields": {
    "customer": 48,
    "facility": 6,
    "checkin_time": "2023-10-30T10:06:15.872Z",
    "checkout_time": "2023-10-30T12:06:15.872Z"
  }
},
{
  "model": "hotel.reservedfacility",
  "pk": 21,
  "fields": {
    "customer": 49,
    "facility": 6,
    "checkin_time": "2023-11-14T14:03:36.127Z",
    "checkout_time": "2023-11-14T19:03:36.127Z"
  }
},
{
  "model": "hotel.reservedfacility",
  "pk": 22,
  "fields": {
    "customer": 4,
    "facility": 8,
    "checkin_time": "2023-10-25T10:09:07.593Z",
    "checkout_time": "2023-10-25T11:09:07.593Z"
  }
},
{
  "model": "hotel.reservedfacility",
  "pk": 23,
  "fields": {
    "customer": 26,
    "facility": 8,
    "checkin_time": "2023-10-22T19:57:45.390Z",
    "checkout_time": "2023-10-23T00:57:45.390Z"
  }
},
{
  "model": "hotel.reservedfacility",
  "pk": 24,
  "fields": {
    "customer": 11,
    "facility": 5,
    "checkin_time": "2023-11-12T10:54:49.530Z",
    "checkout_time": "2023-11-12T12:54:49.530Z"
  }
},
{
  "model": "hotel.reservedfacility",
  "pk": 25,
  "fields": {
    "customer": 15,
    "facility": 6,
    "checkin_time": "2023-11-01T23:36:48.515Z",
    "checkout_time": "2023-11-02T02:36:48.515Z"
  }
},
{
  "model": "hotel.reservedfacility",
  "pk": 26,
  "fields": {
    "customer": 29,
    "facility": 8,
    "checkin_time": "2023-11-18T23:44:16.206Z",
    "checkout_time": "2023-11-19T02:44:16.206Z"
  }
},
{
  "model": "hotel.reservedfacility",
  "pk": 27,
  "fields": {
    "customer": 3,
    "facility": 9,
    "checkin_time": "2023-11-05T00:06:26.588Z",
    "checkout_time": "2023-11-05T01:06:26.588Z"
  }
},
{
  "model": "hotel.reservedfacility",
  "pk": 28,
  "fields": {
    "customer": 35,
    "facility": 5,
    "checkin_time": "2023-10-21T02:40:28.800Z",
    "checkout_time": "2023-10-21T07:40:28.800Z"
  }
},
{
  "model": "hotel.reservedfacility",
  "pk": 29,
  "fields": {
    "customer": 29,
    "facility": 8,
    "checkin_time": "2023-10-26T11:50:50.539Z",
    "checkout_time": "2023-10-26T14:50:50.539Z"
  }
},
{
  "model": "hotel.reservedfacility",
  "pk": 30,
  "fields": {
    "customer": 3,
    "facility": 6,
    "checkin_time": "2023-11-14T00:15:52.272Z",
    "checkout_time": "2023-11-14T03:15:52.272Z"
  }
},
{
  "model": "hotel.recipe",
  "pk": 1,
  "fields": {
    "menu_name": "Burger",
    "portion_size": 2,
    "price": "729.82"
  }
},
{
  "model": "hotel.recipe",
  "pk": 2,
  "fields": {
    "menu_name": "Pizza",
    "portion_size": 3,
    "price": "110.29"
  }
},
{
  "model": "hotel.recipe",
  "pk": 3,
  "fields": {
    "menu_name": "Pasta",
    "portion_size": 2,
    "price": "403.70"
  }
},
{
  "model": "hotel.recipe",
  "pk": 4,
  "fields": {
    "menu_name": "Salad",
    "portion_size": 2,
    "price": "290.65"
  }
},
{
  "model": "hotel.recipe",
  "pk": 5,
  "fields": {
    "menu_name": "Steak",
    "portion_size": 3,
    "price": "933.83"
  }
},
{
  "model": "hotel.recipe",
  "pk": 6,
  "fields": {
    "menu_name": "Sushi",
    "portion_size": 3,
    "price": "363.80"
  }
},
{
  "model": "hotel.recipe",
  "pk": 7,
  "fields": {
    "menu_name": "Soup",
    "portion_size": 1,
    "price": "635.56"
  }
},
{
  "model": "hotel.recipe",
  "pk": 8,
  "fields": {
    "menu_name": "Sandwich",
    "portion_size": 3,
    "price": "385.66"
  }
},
{
  "model": "hotel.recipe",
  "pk": 9,
  "fields": {
    "menu_name": "Taco",
    "portion_size": 1,
    "price": "946.90"
  }
},
{
  "model": "hotel.recipe",
  "pk": 10,
  "fields": {
    "menu_name": "Burrito",
    "portion_size": 5,
    "price": "291.57"
  }
},
{
  "model": "hotel.recipe",
  "pk": 11,
  "fields": {
    "menu_name": "Curry",
    "portion_size": 5,
    "price": "853.22"
  }
},
{
  "model": "hotel.recipe",
  "pk": 12,
  "fields": {
    "menu_name": "Noodles",
    "portion_size": 2,
    "price": "306.88"
  }
},
{
  "model": "hotel.recipe",
  "pk": 13,
  "fields": {
    "menu_name": "Rice Bowl",
    "portion_size": 5,
    "price": "621.72"
  }
},
{
  "model": "hotel.recipe",
  "pk": 14,
  "fields": {
    "menu_name": "Wrap",
    "portion_size": 4,
    "price": "559.24"
  }
},
{
  "model": "hotel.recipe",
  "pk": 15,
  "fields": {
    "menu_name": "Quesadilla",
    "portion_size": 1,
    "price": "426.89"
  }
},
{
  "model": "hotel.recipe",
  "pk": 16,
  "fields": {
    "menu_name": "Fajitas",
    "portion_size": 1,
    "price": "567.49"
  }
},
{
  "model": "hotel.recipe",
  "pk": 17,
  "fields": {
    "menu_name": "Grilled Cheese",
    "portion_size": 1,
    "price": "282.04"
  }
},
{
  "model": "hotel.recipe",
  "pk": 18,
  "fields": {
    "menu_name": "Omelette",
    "portion_size": 5,
    "price": "321.03"
  }
},
{
  "model": "hotel.recipe",
  "pk": 19,
  "fields": {
    "menu_name": "Smoothie",
    "portion_size": 3,
    "price": "472.01"
  }
},
{
  "model": "hotel.recipe",
  "pk": 20,
  "fields": {
    "menu_name": "Pancakes",
    "portion_size": 5,
    "price": "241.47"
  }
},
{
  "model": "hotel.recipe",
  "pk": 21,
  "fields": {
    "menu_name": "Waffles",
    "portion_size": 2,
    "price": "200.39"
  }
},
{
  "model": "hotel.recipe",
  "pk": 22,
  "fields": {
    "menu_name": "Ice Cream",
    "portion_size": 4,
    "price": "400.42"
  }
},
{
  "model": "hotel.recipe",
  "pk": 23,
  "fields": {
    "menu_name": "Cupcake",
    "portion_size": 2,
    "price": "442.34"
  }
},
{
  "model": "hotel.recipe",
  "pk": 24,
  "fields": {
    "menu_name": "Muffin",
    "portion_size": 2,
    "price": "435.09"
  }
},
{
  "model": "hotel.recipe",
  "pk": 25,
  "fields": {
    "menu_name": "Doughnut",
    "portion_size": 3,
    "price": "987.54"
  }
},
{
  "model": "hotel.recipe",
  "pk": 26,
  "fields": {
    "menu_name": "Cheesecake",
    "portion_size": 3,
    "price": "166.26"
  }
},
{
  "model": "hotel.recipe",
  "pk": 27,
  "fields": {
    "menu_name": "Brownie",
    "portion_size": 3,
    "price": "854.99"
  }
},
{
  "model": "hotel.recipe",
  "pk": 28,
  "fields": {
    "menu_name": "Truffle",
    "portion_size": 4,
    "price": "667.19"
  }
},
{
  "model": "hotel.recipe",
  "pk": 29,
  "fields": {
    "menu_name": "Cappuccino",
    "portion_size": 5,
    "price": "605.02"
  }
},
{
  "model": "hotel.recipe",
  "pk": 30,
  "fields": {
    "menu_name": "Latte",
    "portion_size": 5,
    "price": "180.74"
  }
},
{
  "model": "hotel.recipe",
  "pk": 31,
  "fields": {
    "menu_name": "Espresso",
    "portion_size": 2,
    "price": "697.39"
  }
},
{
  "model": "hotel.recipe",
  "pk": 32,
  "fields": {
    "menu_name": "Mocha",
    "portion_size": 2,
    "price": "398.26"
  }
},
{
  "model": "hotel.recipe",
  "pk": 33,
  "fields": {
    "menu_name": "Tea",
    "portion_size": 3,
    "price": "260.18"
  }
},
{
  "model": "hotel.recipe",
  "pk": 34,
  "fields": {
    "menu_name": "Lemonade",
    "portion_size": 4,
    "price": "490.24"
  }
},
{
  "model": "hotel.recipe",
  "pk": 35,
  "fields": {
    "menu_name": "Margarita",
    "portion_size": 5,
    "price": "184.16"
  }
},
{
  "model": "hotel.recipe",
  "pk": 36,
  "fields": {
    "menu_name": "Mojito",
    "portion_size": 4,
    "price": "694.56"
  }
},
{
  "model": "hotel.recipe",
  "pk": 37,
  "fields": {
    "menu_name": "Soda",
    "portion_size": 1,
    "price": "98.47"
  }
},
{
  "model": "hotel.recipe",
  "pk": 38,
  "fields": {
    "menu_name": "Juice",
    "portion_size": 5,
    "price": "473.45"
  }
},
{
  "model": "hotel.recipe",
  "pk": 39,
  "fields": {
    "menu_name": "Cocktail",
    "portion_size": 4,
    "price": "443.17"
  }
},
{
  "model": "hotel.recipe",
  "pk": 40,
  "fields": {
    "menu_name": "Mocktail",
    "portion_size": 1,
    "price": "174.22"
  }
},
{
  "model": "hotel.recipe",
  "pk": 41,
  "fields": {
    "menu_name": "Cider",
    "portion_size": 5,
    "price": "182.48"
  }
},
{
  "model": "hotel.recipe",
  "pk": 42,
  "fields": {
    "menu_name": "Shake",
    "portion_size": 4,
    "price": "623.70"
  }
},
{
  "model": "hotel.stock",
  "pk": 1,
  "fields": {
    "ingredient_name": "Tomato",
    "quantity": "494.21",
    "type": "l"
  }
},
{
  "model": "hotel.stock",
  "pk": 2,
  "fields": {
    "ingredient_name": "Onion",
    "quantity": "167.65",
    "type": "ml"
  }
},
{
  "model": "hotel.stock",
  "pk": 3,
  "fields": {
    "ingredient_name": "Garlic",
    "quantity": "405.48",
    "type": "g"
  }
},
{
  "model": "hotel.stock",
  "pk": 4,
  "fields": {
    "ingredient_name": "Basil",
    "quantity": "453.54",
    "type": "l"
  }
},
{
  "model": "hotel.stock",
  "pk": 5,
  "fields": {
    "ingredient_name": "Oregano",
    "quantity": "82.45",
    "type": "ml"
  }
},
{
  "model": "hotel.stock",
  "pk": 6,
  "fields": {
    "ingredient_name": "Parsley",
    "quantity": "437.65",
    "type": "l"
  }
},
{
  "model": "hotel.stock",
  "pk": 7,
  "fields": {
    "ingredient_name": "Cilantro",
    "quantity": "99.94",
    "type": "g"
  }
},
{
  "model": "hotel.stock",
  "pk": 8,
  "fields": {
    "ingredient_name": "Thyme",
    "quantity": "199.14",
    "type": "l"
  }
},
{
  "model": "hotel.stock",
  "pk": 9,
  "fields": {
    "ingredient_name": "Rosemary",
    "quantity": "472.72",
    "type": "ml"
  }
},
{
  "model": "hotel.stock",
  "pk": 10,
  "fields": {
    "ingredient_name": "Lemon",
    "quantity": "136.61",
    "type": "kg"
  }
},
{
  "model": "hotel.stock",
  "pk": 11,
  "fields": {
    "ingredient_name": "Lime",
    "quantity": "257.01",
    "type": "g"
  }
},
{
  "model": "hotel.stock",
  "pk": 12,
  "fields": {
    "ingredient_name": "Cucumber",
    "quantity": "120.52",
    "type": "g"
  }
},
{
  "model": "hotel.stock",
  "pk": 13,
  "fields": {
    "ingredient_name": "Spinach",
    "quantity": "402.70",
    "type": "l"
  }
},
{
  "model": "hotel.stock",
  "pk": 14,
  "fields": {
    "ingredient_name": "Kale",
    "quantity": "133.27",
    "type": "ml"
  }
},
{
  "model": "hotel.stock",
  "pk": 15,
  "fields": {
    "ingredient_name": "Lettuce",
    "quantity": "213.91",
    "type": "g"
  }
},
{
  "model": "hotel.stock",
  "pk": 16,
  "fields": {
    "ingredient_name": "Carrot",
    "quantity": "113.25",
    "type": "ml"
  }
},
{
  "model": "hotel.stock",
  "pk": 17,
  "fields": {
    "ingredient_name": "Bell Pepper",
    "quantity": "331.97",
    "type": "l"
  }
},
{
  "model": "hotel.stock",
  "pk": 18,
  "fields": {
    "ingredient_name": "Mushroom",
    "quantity": "410.20",
    "type": "g"
  }
},
{
  "model": "hotel.stock",
  "pk": 19,
  "fields": {
    "ingredient_name": "Zucchini",
    "quantity": "463.64",
    "type": "ml"
  }
},
{
  "model": "hotel.stock",
  "pk": 20,
  "fields": {
    "ingredient_name": "Broccoli",
    "quantity": "369.31",
    "type": "l"
  }
},
{
  "model": "hotel.stock",
  "pk": 21,
  "fields": {
    "ingredient_name": "Eggplant",
    "quantity": "421.98",
    "type": "l"
  }
},
{
  "model": "hotel.stock",
  "pk": 22,
  "fields": {
    "ingredient_name": "Potato",
    "quantity": "292.62",
    "type": "g"
  }
},
{
  "model": "hotel.stock",
  "pk": 23,
  "fields": {
    "ingredient_name": "Sweet Potato",
    "quantity": "208.12",
    "type": "ml"
  }
},
{
  "model": "hotel.stock",
  "pk": 24,
  "fields": {
    "ingredient_name": "Quinoa",
    "quantity": "113.40",
    "type": "kg"
  }
},
{
  "model": "hotel.stock",
  "pk": 25,
  "fields": {
    "ingredient_name": "Brown Rice",
    "quantity": "168.18",
    "type": "kg"
  }
},
{
  "model": "hotel.stock",
  "pk": 26,
  "fields": {
    "ingredient_name": "White Rice",
    "quantity": "161.54",
    "type": "kg"
  }
},
{
  "model": "hotel.stock",
  "pk": 27,
  "fields": {
    "ingredient_name": "Pasta",
    "quantity": "342.00",
    "type": "ml"
  }
},
{
  "model": "hotel.stock",
  "pk": 28,
  "fields": {
    "ingredient_name": "Spaghetti",
    "quantity": "452.28",
    "type": "l"
  }
},
{
  "model": "hotel.stock",
  "pk": 29,
  "fields": {
    "ingredient_name": "Farfalle",
    "quantity": "210.29",
    "type": "g"
  }
},
{
  "model": "hotel.stock",
  "pk": 30,
  "fields": {
    "ingredient_name": "Chickpeas",
    "quantity": "220.91",
    "type": "ml"
  }
},
{
  "model": "hotel.stock",
  "pk": 31,
  "fields": {
    "ingredient_name": "Black Beans",
    "quantity": "155.33",
    "type": "l"
  }
},
{
  "model": "hotel.stock",
  "pk": 32,
  "fields": {
    "ingredient_name": "Kidney Beans",
    "quantity": "180.18",
    "type": "ml"
  }
},
{
  "model": "hotel.stock",
  "pk": 33,
  "fields": {
    "ingredient_name": "Lentils",
    "quantity": "279.62",
    "type": "ml"
  }
},
{
  "model": "hotel.stock",
  "pk": 34,
  "fields": {
    "ingredient_name": "Chicken Breast",
    "quantity": "331.40",
    "type": "g"
  }
},
{
  "model": "hotel.stock",
  "pk": 35,
  "fields": {
    "ingredient_name": "Beef",
    "quantity": "394.40",
    "type": "kg"
  }
},
{
  "model": "hotel.stock",
  "pk": 36,
  "fields": {
    "ingredient_name": "Salmon",
    "quantity": "123.21",
    "type": "g"
  }
},
{
  "model": "hotel.stock",
  "pk": 37,
  "fields": {
    "ingredient_name": "Shrimp",
    "quantity": "109.15",
    "type": "g"
  }
},
{
  "model": "hotel.stock",
  "pk": 38,
  "fields": {
    "ingredient_name": "Tofu",
    "quantity": "324.38",
    "type": "ml"
  }
},
{
  "model": "hotel.stock",
  "pk": 39,
  "fields": {
    "ingredient_name": "Tempeh",
    "quantity": "454.01",
    "type": "l"
  }
},
{
  "model": "hotel.stock",
  "pk": 40,
  "fields": {
    "ingredient_name": "Avocado",
    "quantity": "145.54",
    "type": "g"
  }
},
{
  "model": "hotel.stock",
  "pk": 41,
  "fields": {
    "ingredient_name": "Cheese",
    "quantity": "459.76",
    "type": "kg"
  }
},
{
  "model": "hotel.stock",
  "pk": 42,
  "fields": {
    "ingredient_name": "Feta",
    "quantity": "72.57",
    "type": "kg"
  }
},
{
  "model": "hotel.stock",
  "pk": 43,
  "fields": {
    "ingredient_name": "Parmesan",
    "quantity": "466.32",
    "type": "kg"
  }
},
{
  "model": "hotel.stock",
  "pk": 44,
  "fields": {
    "ingredient_name": "Cheddar",
    "quantity": "212.78",
    "type": "kg"
  }
},
{
  "model": "hotel.stock",
  "pk": 45,
  "fields": {
    "ingredient_name": "Mozzarella",
    "quantity": "367.92",
    "type": "kg"
  }
},
{
  "model": "hotel.stock",
  "pk": 46,
  "fields": {
    "ingredient_name": "Goat Cheese",
    "quantity": "289.99",
    "type": "g"
  }
},
{
  "model": "hotel.stock",
  "pk": 47,
  "fields": {
    "ingredient_name": "Yogurt",
    "quantity": "276.98",
    "type": "g"
  }
},
{
  "model": "hotel.stock",
  "pk": 48,
  "fields": {
    "ingredient_name": "Sour Cream",
    "quantity": "395.01",
    "type": "kg"
  }
},
{
  "model": "hotel.stock",
  "pk": 49,
  "fields": {
    "ingredient_name": "Milk",
    "quantity": "231.61",
    "type": "g"
  }
},
{
  "model": "hotel.stock",
  "pk": 50,
  "fields": {
    "ingredient_name": "Almond Milk",
    "quantity": "227.83",
    "type": "kg"
  }
},
{
  "model": "hotel.stock",
  "pk": 51,
  "fields": {
    "ingredient_name": "Coconut Milk",
    "quantity": "336.39",
    "type": "ml"
  }
},
{
  "model": "hotel.stock",
  "pk": 52,
  "fields": {
    "ingredient_name": "Olive Oil",
    "quantity": "83.62",
    "type": "kg"
  }
},
{
  "model": "hotel.stock",
  "pk": 53,
  "fields": {
    "ingredient_name": "Canola Oil",
    "quantity": "72.60",
    "type": "l"
  }
},
{
  "model": "hotel.stock",
  "pk": 54,
  "fields": {
    "ingredient_name": "Sesame Oil",
    "quantity": "71.36",
    "type": "l"
  }
},
{
  "model": "hotel.stock",
  "pk": 55,
  "fields": {
    "ingredient_name": "Balsamic Vinegar",
    "quantity": "172.70",
    "type": "kg"
  }
},
{
  "model": "hotel.stock",
  "pk": 56,
  "fields": {
    "ingredient_name": "Soy Sauce",
    "quantity": "78.89",
    "type": "ml"
  }
},
{
  "model": "hotel.stock",
  "pk": 57,
  "fields": {
    "ingredient_name": "Honey",
    "quantity": "100.72",
    "type": "g"
  }
},
{
  "model": "hotel.stock",
  "pk": 58,
  "fields": {
    "ingredient_name": "Maple Syrup",
    "quantity": "465.90",
    "type": "l"
  }
},
{
  "model": "hotel.stock",
  "pk": 59,
  "fields": {
    "ingredient_name": "Mustard",
    "quantity": "271.48",
    "type": "ml"
  }
},
{
  "model": "hotel.stock",
  "pk": 60,
  "fields": {
    "ingredient_name": "Mayonnaise",
    "quantity": "352.35",
    "type": "kg"
  }
},
{
  "model": "hotel.stock",
  "pk": 61,
  "fields": {
    "ingredient_name": "Ketchup",
    "quantity": "412.31",
    "type": "g"
  }
},
{
  "model": "hotel.stock",
  "pk": 62,
  "fields": {
    "ingredient_name": "Salsa",
    "quantity": "291.33",
    "type": "g"
  }
},
{
  "model": "hotel.stock",
  "pk": 63,
  "fields": {
    "ingredient_name": "Guacamole",
    "quantity": "466.49",
    "type": "g"
  }
},
{
  "model": "hotel.stock",
  "pk": 64,
  "fields": {
    "ingredient_name": "Pesto",
    "quantity": "252.47",
    "type": "l"
  }
},
{
  "model": "hotel.stock",
  "pk": 65,
  "fields": {
    "ingredient_name": "Peanut Butter",
    "quantity": "364.74",
    "type": "kg"
  }
},
{
  "model": "hotel.stock",
  "pk": 66,
  "fields": {
    "ingredient_name": "Almonds",
    "quantity": "53.59",
    "type": "kg"
  }
},
{
  "model": "hotel.stock",
  "pk": 67,
  "fields": {
    "ingredient_name": "Walnuts",
    "quantity": "184.28",
    "type": "kg"
  }
},
{
  "model": "hotel.stock",
  "pk": 68,
  "fields": {
    "ingredient_name": "Cashews",
    "quantity": "498.72",
    "type": "ml"
  }
},
{
  "model": "hotel.stock",
  "pk": 69,
  "fields": {
    "ingredient_name": "Pine Nuts",
    "quantity": "315.69",
    "type": "g"
  }
},
{
  "model": "hotel.stock",
  "pk": 70,
  "fields": {
    "ingredient_name": "Sunflower Seeds",
    "quantity": "80.73",
    "type": "ml"
  }
},
{
  "model": "hotel.stock",
  "pk": 71,
  "fields": {
    "ingredient_name": "Chia Seeds",
    "quantity": "405.23",
    "type": "kg"
  }
},
{
  "model": "hotel.stock",
  "pk": 72,
  "fields": {
    "ingredient_name": "Flaxseeds",
    "quantity": "309.50",
    "type": "ml"
  }
},
{
  "model": "hotel.stock",
  "pk": 73,
  "fields": {
    "ingredient_name": "Cinnamon",
    "quantity": "335.09",
    "type": "l"
  }
},
{
  "model": "hotel.stock",
  "pk": 74,
  "fields": {
    "ingredient_name": "Cumin",
    "quantity": "141.26",
    "type": "l"
  }
},
{
  "model": "hotel.stock",
  "pk": 75,
  "fields": {
    "ingredient_name": "Paprika",
    "quantity": "191.10",
    "type": "ml"
  }
},
{
  "model": "hotel.stock",
  "pk": 76,
  "fields": {
    "ingredient_name": "Turmeric",
    "quantity": "349.22",
    "type": "kg"
  }
},
{
  "model": "hotel.stock",
  "pk": 77,
  "fields": {
    "ingredient_name": "Ginger",
    "quantity": "452.68",
    "type": "l"
  }
},
{
  "model": "hotel.stock",
  "pk": 78,
  "fields": {
    "ingredient_name": "Chili Powder",
    "quantity": "156.22",
    "type": "ml"
  }
},
{
  "model": "hotel.stock",
  "pk": 79,
  "fields": {
    "ingredient_name": "Vanilla Extract",
    "quantity": "259.22",
    "type": "ml"
  }
},
{
  "model": "hotel.stock",
  "pk": 80,
  "fields": {
    "ingredient_name": "Chocolate Chips",
    "quantity": "419.72",
    "type": "l"
  }
},
{
  "model": "hotel.stock",
  "pk": 81,
  "fields": {
    "ingredient_name": "Dijon Mustard",
    "quantity": "399.02",
    "type": "l"
  }
},
{
  "model": "hotel.stock",
  "pk": 82,
  "fields": {
    "ingredient_name": "Worcestershire Sauce",
    "quantity": "303.01",
    "type": "ml"
  }
},
{
  "model": "hotel.stock",
  "pk": 83,
  "fields": {
    "ingredient_name": "Cayenne Pepper",
    "quantity": "320.97",
    "type": "ml"
  }
},
{
  "model": "hotel.stock",
  "pk": 84,
  "fields": {
    "ingredient_name": "Coriander",
    "quantity": "274.64",
    "type": "kg"
  }
},
{
  "model": "hotel.stock",
  "pk": 85,
  "fields": {
    "ingredient_name": "Cocoa Powder",
    "quantity": "256.55",
    "type": "ml"
  }
},
{
  "model": "hotel.stock",
  "pk": 86,
  "fields": {
    "ingredient_name": "Mint",
    "quantity": "256.33",
    "type": "g"
  }
},
{
  "model": "hotel.stock",
  "pk": 87,
  "fields": {
    "ingredient_name": "Cranberries",
    "quantity": "164.33",
    "type": "kg"
  }
},
{
  "model": "hotel.stock",
  "pk": 88,
  "fields": {
    "ingredient_name": "Blueberries",
    "quantity": "330.88",
    "type": "ml"
  }
},
{
  "model": "hotel.stock",
  "pk": 89,
  "fields": {
    "ingredient_name": "Raspberries",
    "quantity": "232.79",
    "type": "l"
  }
},
{
  "model": "hotel.stock",
  "pk": 90,
  "fields": {
    "ingredient_name": "Strawberries",
    "quantity": "56.33",
    "type": "g"
  }
},
{
  "model": "hotel.stock",
  "pk": 91,
  "fields": {
    "ingredient_name": "Banana",
    "quantity": "73.03",
    "type": "l"
  }
},
{
  "model": "hotel.stock",
  "pk": 92,
  "fields": {
    "ingredient_name": "Pineapple",
    "quantity": "381.04",
    "type": "l"
  }
},
{
  "model": "hotel.stock",
  "pk": 93,
  "fields": {
    "ingredient_name": "Mango",
    "quantity": "429.88",
    "type": "ml"
  }
},
{
  "model": "hotel.stock",
  "pk": 94,
  "fields": {
    "ingredient_name": "Peach",
    "quantity": "69.62",
    "type": "l"
  }
},
{
  "model": "hotel.ingredient",
  "pk": 1,
  "fields": {
    "recipe": 1,
    "stock": 1,
    "ingredients_measure": "18.12",
    "measure_type": "ml"
  }
},
{
  "model": "hotel.ingredient",
  "pk": 2,
  "fields": {
    "recipe": 1,
    "stock": 3,
    "ingredients_measure": "19.94",
    "measure_type": "kg"
  }
},
{
  "model": "hotel.ingredient",
  "pk": 3,
  "fields": {
    "recipe": 1,
    "stock": 6,
    "ingredients_measure": "91.21",
    "measure_type": "g"
  }
},
{
  "model": "hotel.ingredient",
  "pk": 4,
  "fields": {
    "recipe": 1,
    "stock": 9,
    "ingredients_measure": "13.96",
    "measure_type": "kg"
  }
},
{
  "model": "hotel.ingredient",
  "pk": 5,
  "fields": {
    "recipe": 1,
    "stock": 11,
    "ingredients_measure": "54.19",
    "measure_type": "kg"
  }
},
{
  "model": "hotel.ingredient",
  "pk": 6,
  "fields": {
    "recipe": 1,
    "stock": 12,
    "ingredients_measure": "24.76",
    "measure_type": "l"
  }
},
{
  "model": "hotel.ingredient",
  "pk": 7,
  "fields": {
    "recipe": 1,
    "stock": 14,
    "ingredients_measure": "65.48",
    "measure_type": "g"
  }
},
{
  "model": "hotel.ingredient",
  "pk": 8,
  "fields": {
    "recipe": 2,
    "stock": 1,
    "ingredients_measure": "19.69",
    "measure_type": "l"
  }
},
{
  "model": "hotel.ingredient",
  "pk": 9,
  "fields": {
    "recipe": 2,
    "stock": 3,
    "ingredients_measure": "39.76",
    "measure_type": "l"
  }
},
{
  "model": "hotel.ingredient",
  "pk": 10,
  "fields": {
    "recipe": 2,
    "stock": 5,
    "ingredients_measure": "95.93",
    "measure_type": "ml"
  }
},
{
  "model": "hotel.ingredient",
  "pk": 11,
  "fields": {
    "recipe": 2,
    "stock": 6,
    "ingredients_measure": "33.24",
    "measure_type": "l"
  }
},
{
  "model": "hotel.ingredient",
  "pk": 12,
  "fields": {
    "recipe": 2,
    "stock": 7,
    "ingredients_measure": "74.48",
    "measure_type": "l"
  }
},
{
  "model": "hotel.ingredient",
  "pk": 13,
  "fields": {
    "recipe": 2,
    "stock": 9,
    "ingredients_measure": "40.18",
    "measure_type": "ml"
  }
},
{
  "model": "hotel.ingredient",
  "pk": 14,
  "fields": {
    "recipe": 2,
    "stock": 11,
    "ingredients_measure": "25.51",
    "measure_type": "ml"
  }
},
{
  "model": "hotel.ingredient",
  "pk": 15,
  "fields": {
    "recipe": 3,
    "stock": 2,
    "ingredients_measure": "10.25",
    "measure_type": "l"
  }
},
{
  "model": "hotel.ingredient",
  "pk": 16,
  "fields": {
    "recipe": 3,
    "stock": 4,
    "ingredients_measure": "53.82",
    "measure_type": "ml"
  }
},
{
  "model": "hotel.ingredient",
  "pk": 17,
  "fields": {
    "recipe": 3,
    "stock": 6,
    "ingredients_measure": "92.78",
    "measure_type": "kg"
  }
},
{
  "model": "hotel.ingredient",
  "pk": 18,
  "fields": {
    "recipe": 3,
    "stock": 8,
    "ingredients_measure": "11.05",
    "measure_type": "g"
  }
},
{
  "model": "hotel.ingredient",
  "pk": 19,
  "fields": {
    "recipe": 3,
    "stock": 9,
    "ingredients_measure": "32.27",
    "measure_type": "g"
  }
},
{
  "model": "hotel.ingredient",
  "pk": 20,
  "fields": {
    "recipe": 3,
    "stock": 11,
    "ingredients_measure": "16.26",
    "measure_type": "g"
  }
},
{
  "model": "hotel.ingredient",
  "pk": 21,
  "fields": {
    "recipe": 3,
    "stock": 12,
    "ingredients_measure": "92.15",
    "measure_type": "l"
  }
},
{
  "model": "hotel.ingredient",
  "pk": 22,
  "fields": {
    "recipe": 4,
    "stock": 3,
    "ingredients_measure": "56.51",
    "measure_type": "ml"
  }
},
{
  "model": "hotel.ingredient",
  "pk": 23,
  "fields": {
    "recipe": 4,
    "stock": 7,
    "ingredients_measure": "22.27",
    "measure_type": "g"
  }
},
{
  "model": "hotel.ingredient",
  "pk": 24,
  "fields": {
    "recipe": 4,
    "stock": 10,
    "ingredients_measure": "39.68",
    "measure_type": "l"
  }
},
{
  "model": "hotel.ingredient",
  "pk": 25,
  "fields": {
    "recipe": 4,
    "stock": 11,
    "ingredients_measure": "80.12",
    "measure_type": "kg"
  }
},
{
  "model": "hotel.ingredient",
  "pk": 26,
  "fields": {
    "recipe": 4,
    "stock": 12,
    "ingredients_measure": "54.83",
    "measure_type": "g"
  }
},
{
  "model": "hotel.ingredient",
  "pk": 27,
  "fields": {
    "recipe": 4,
    "stock": 17,
    "ingredients_measure": "77.04",
    "measure_type": "l"
  }
},
{
  "model": "hotel.ingredient",
  "pk": 28,
  "fields": {
    "recipe": 4,
    "stock": 18,
    "ingredients_measure": "10.30",
    "measure_type": "l"
  }
},
{
  "model": "hotel.ingredient",
  "pk": 29,
  "fields": {
    "recipe": 5,
    "stock": 1,
    "ingredients_measure": "32.01",
    "measure_type": "kg"
  }
},
{
  "model": "hotel.ingredient",
  "pk": 30,
  "fields": {
    "recipe": 5,
    "stock": 2,
    "ingredients_measure": "38.58",
    "measure_type": "ml"
  }
},
{
  "model": "hotel.ingredient",
  "pk": 31,
  "fields": {
    "recipe": 5,
    "stock": 3,
    "ingredients_measure": "28.56",
    "measure_type": "kg"
  }
},
{
  "model": "hotel.ingredient",
  "pk": 32,
  "fields": {
    "recipe": 5,
    "stock": 4,
    "ingredients_measure": "64.60",
    "measure_type": "g"
  }
},
{
  "model": "hotel.ingredient",
  "pk": 33,
  "fields": {
    "recipe": 5,
    "stock": 7,
    "ingredients_measure": "52.54",
    "measure_type": "g"
  }
},
{
  "model": "hotel.ingredient",
  "pk": 34,
  "fields": {
    "recipe": 5,
    "stock": 8,
    "ingredients_measure": "32.03",
    "measure_type": "g"
  }
},
{
  "model": "hotel.ingredient",
  "pk": 35,
  "fields": {
    "recipe": 5,
    "stock": 9,
    "ingredients_measure": "49.78",
    "measure_type": "l"
  }
},
{
  "model": "hotel.ingredient",
  "pk": 36,
  "fields": {
    "recipe": 6,
    "stock": 1,
    "ingredients_measure": "19.24",
    "measure_type": "kg"
  }
},
{
  "model": "hotel.ingredient",
  "pk": 37,
  "fields": {
    "recipe": 6,
    "stock": 2,
    "ingredients_measure": "57.87",
    "measure_type": "kg"
  }
},
{
  "model": "hotel.ingredient",
  "pk": 38,
  "fields": {
    "recipe": 6,
    "stock": 4,
    "ingredients_measure": "99.21",
    "measure_type": "g"
  }
},
{
  "model": "hotel.ingredient",
  "pk": 39,
  "fields": {
    "recipe": 6,
    "stock": 5,
    "ingredients_measure": "33.28",
    "measure_type": "ml"
  }
},
{
  "model": "hotel.ingredient",
  "pk": 40,
  "fields": {
    "recipe": 6,
    "stock": 6,
    "ingredients_measure": "65.73",
    "measure_type": "g"
  }
},
{
  "model": "hotel.ingredient",
  "pk": 41,
  "fields": {
    "recipe": 6,
    "stock": 8,
    "ingredients_measure": "59.02",
    "measure_type": "g"
  }
},
{
  "model": "hotel.ingredient",
  "pk": 42,
  "fields": {
    "recipe": 6,
    "stock": 10,
    "ingredients_measure": "37.99",
    "measure_type": "l"
  }
},
{
  "model": "hotel.ingredient",
  "pk": 43,
  "fields": {
    "recipe": 7,
    "stock": 1,
    "ingredients_measure": "27.33",
    "measure_type": "l"
  }
},
{
  "model": "hotel.ingredient",
  "pk": 44,
  "fields": {
    "recipe": 7,
    "stock": 2,
    "ingredients_measure": "57.92",
    "measure_type": "l"
  }
},
{
  "model": "hotel.ingredient",
  "pk": 45,
  "fields": {
    "recipe": 7,
    "stock": 3,
    "ingredients_measure": "64.89",
    "measure_type": "g"
  }
},
{
  "model": "hotel.ingredient",
  "pk": 46,
  "fields": {
    "recipe": 7,
    "stock": 4,
    "ingredients_measure": "86.16",
    "measure_type": "l"
  }
},
{
  "model": "hotel.ingredient",
  "pk": 47,
  "fields": {
    "recipe": 7,
    "stock": 5,
    "ingredients_measure": "92.12",
    "measure_type": "ml"
  }
},
{
  "model": "hotel.ingredient",
  "pk": 48,
  "fields": {
    "recipe": 7,
    "stock": 6,
    "ingredients_measure": "94.36",
    "measure_type": "l"
  }
},
{
  "model": "hotel.ingredient",
  "pk": 49,
  "fields": {
    "recipe": 7,
    "stock": 10,
    "ingredients_measure": "56.01",
    "measure_type": "g"
  }
},
{
  "model": "hotel.ingredient",
  "pk": 50,
  "fields": {
    "recipe": 8,
    "stock": 7,
    "ingredients_measure": "38.75",
    "measure_type": "g"
  }
},
{
  "model": "hotel.ingredient",
  "pk": 51,
  "fields": {
    "recipe": 8,
    "stock": 9,
    "ingredients_measure": "83.05",
    "measure_type": "ml"
  }
},
{
  "model": "hotel.ingredient",
  "pk": 52,
  "fields": {
    "recipe": 8,
    "stock": 10,
    "ingredients_measure": "54.02",
    "measure_type": "g"
  }
},
{
  "model": "hotel.ingredient",
  "pk": 53,
  "fields": {
    "recipe": 8,
    "stock": 13,
    "ingredients_measure": "48.12",
    "measure_type": "l"
  }
},
{
  "model": "hotel.ingredient",
  "pk": 54,
  "fields": {
    "recipe": 8,
    "stock": 14,
    "ingredients_measure": "44.44",
    "measure_type": "ml"
  }
},
{
  "model": "hotel.ingredient",
  "pk": 55,
  "fields": {
    "recipe": 8,
    "stock": 15,
    "ingredients_measure": "38.28",
    "measure_type": "ml"
  }
},
{
  "model": "hotel.ingredient",
  "pk": 56,
  "fields": {
    "recipe": 8,
    "stock": 16,
    "ingredients_measure": "23.46",
    "measure_type": "g"
  }
},
{
  "model": "hotel.ingredient",
  "pk": 57,
  "fields": {
    "recipe": 9,
    "stock": 4,
    "ingredients_measure": "58.94",
    "measure_type": "g"
  }
},
{
  "model": "hotel.ingredient",
  "pk": 58,
  "fields": {
    "recipe": 9,
    "stock": 6,
    "ingredients_measure": "90.13",
    "measure_type": "ml"
  }
},
{
  "model": "hotel.ingredient",
  "pk": 59,
  "fields": {
    "recipe": 9,
    "stock": 9,
    "ingredients_measure": "30.54",
    "measure_type": "ml"
  }
},
{
  "model": "hotel.ingredient",
  "pk": 60,
  "fields": {
    "recipe": 9,
    "stock": 10,
    "ingredients_measure": "27.39",
    "measure_type": "g"
  }
},
{
  "model": "hotel.ingredient",
  "pk": 61,
  "fields": {
    "recipe": 9,
    "stock": 12,
    "ingredients_measure": "60.09",
    "measure_type": "l"
  }
},
{
  "model": "hotel.ingredient",
  "pk": 62,
  "fields": {
    "recipe": 9,
    "stock": 13,
    "ingredients_measure": "47.67",
    "measure_type": "l"
  }
},
{
  "model": "hotel.ingredient",
  "pk": 63,
  "fields": {
    "recipe": 9,
    "stock": 15,
    "ingredients_measure": "79.87",
    "measure_type": "kg"
  }
},
{
  "model": "hotel.ingredient",
  "pk": 64,
  "fields": {
    "recipe": 10,
    "stock": 1,
    "ingredients_measure": "69.63",
    "measure_type": "g"
  }
},
{
  "model": "hotel.ingredient",
  "pk": 65,
  "fields": {
    "recipe": 10,
    "stock": 2,
    "ingredients_measure": "41.91",
    "measure_type": "l"
  }
},
{
  "model": "hotel.ingredient",
  "pk": 66,
  "fields": {
    "recipe": 10,
    "stock": 3,
    "ingredients_measure": "35.96",
    "measure_type": "l"
  }
},
{
  "model": "hotel.ingredient",
  "pk": 67,
  "fields": {
    "recipe": 10,
    "stock": 5,
    "ingredients_measure": "13.56",
    "measure_type": "kg"
  }
},
{
  "model": "hotel.ingredient",
  "pk": 68,
  "fields": {
    "recipe": 10,
    "stock": 14,
    "ingredients_measure": "80.57",
    "measure_type": "l"
  }
},
{
  "model": "hotel.ingredient",
  "pk": 69,
  "fields": {
    "recipe": 10,
    "stock": 15,
    "ingredients_measure": "84.51",
    "measure_type": "kg"
  }
},
{
  "model": "hotel.ingredient",
  "pk": 70,
  "fields": {
    "recipe": 10,
    "stock": 16,
    "ingredients_measure": "93.31",
    "measure_type": "l"
  }
},
{
  "model": "hotel.ingredient",
  "pk": 71,
  "fields": {
    "recipe": 11,
    "stock": 1,
    "ingredients_measure": "70.74",
    "measure_type": "kg"
  }
},
{
  "model": "hotel.ingredient",
  "pk": 72,
  "fields": {
    "recipe": 11,
    "stock": 5,
    "ingredients_measure": "69.42",
    "measure_type": "ml"
  }
},
{
  "model": "hotel.ingredient",
  "pk": 73,
  "fields": {
    "recipe": 11,
    "stock": 8,
    "ingredients_measure": "58.40",
    "measure_type": "ml"
  }
},
{
  "model": "hotel.ingredient",
  "pk": 74,
  "fields": {
    "recipe": 11,
    "stock": 10,
    "ingredients_measure": "55.21",
    "measure_type": "l"
  }
},
{
  "model": "hotel.ingredient",
  "pk": 75,
  "fields": {
    "recipe": 11,
    "stock": 11,
    "ingredients_measure": "36.40",
    "measure_type": "g"
  }
},
{
  "model": "hotel.ingredient",
  "pk": 76,
  "fields": {
    "recipe": 11,
    "stock": 12,
    "ingredients_measure": "38.78",
    "measure_type": "g"
  }
},
{
  "model": "hotel.ingredient",
  "pk": 77,
  "fields": {
    "recipe": 11,
    "stock": 14,
    "ingredients_measure": "18.27",
    "measure_type": "l"
  }
},
{
  "model": "hotel.ingredient",
  "pk": 78,
  "fields": {
    "recipe": 12,
    "stock": 2,
    "ingredients_measure": "44.73",
    "measure_type": "l"
  }
},
{
  "model": "hotel.ingredient",
  "pk": 79,
  "fields": {
    "recipe": 12,
    "stock": 3,
    "ingredients_measure": "88.04",
    "measure_type": "kg"
  }
},
{
  "model": "hotel.ingredient",
  "pk": 80,
  "fields": {
    "recipe": 12,
    "stock": 4,
    "ingredients_measure": "30.32",
    "measure_type": "g"
  }
},
{
  "model": "hotel.ingredient",
  "pk": 81,
  "fields": {
    "recipe": 12,
    "stock": 5,
    "ingredients_measure": "60.02",
    "measure_type": "kg"
  }
},
{
  "model": "hotel.ingredient",
  "pk": 82,
  "fields": {
    "recipe": 12,
    "stock": 7,
    "ingredients_measure": "59.95",
    "measure_type": "g"
  }
},
{
  "model": "hotel.ingredient",
  "pk": 83,
  "fields": {
    "recipe": 12,
    "stock": 8,
    "ingredients_measure": "58.31",
    "measure_type": "l"
  }
},
{
  "model": "hotel.ingredient",
  "pk": 84,
  "fields": {
    "recipe": 12,
    "stock": 9,
    "ingredients_measure": "33.53",
    "measure_type": "l"
  }
},
{
  "model": "hotel.ingredient",
  "pk": 85,
  "fields": {
    "recipe": 13,
    "stock": 3,
    "ingredients_measure": "11.54",
    "measure_type": "l"
  }
},
{
  "model": "hotel.ingredient",
  "pk": 86,
  "fields": {
    "recipe": 13,
    "stock": 4,
    "ingredients_measure": "24.38",
    "measure_type": "l"
  }
},
{
  "model": "hotel.ingredient",
  "pk": 87,
  "fields": {
    "recipe": 13,
    "stock": 5,
    "ingredients_measure": "21.74",
    "measure_type": "g"
  }
},
{
  "model": "hotel.ingredient",
  "pk": 88,
  "fields": {
    "recipe": 13,
    "stock": 7,
    "ingredients_measure": "86.69",
    "measure_type": "l"
  }
},
{
  "model": "hotel.ingredient",
  "pk": 89,
  "fields": {
    "recipe": 13,
    "stock": 8,
    "ingredients_measure": "15.80",
    "measure_type": "l"
  }
},
{
  "model": "hotel.ingredient",
  "pk": 90,
  "fields": {
    "recipe": 13,
    "stock": 11,
    "ingredients_measure": "71.56",
    "measure_type": "ml"
  }
},
{
  "model": "hotel.ingredient",
  "pk": 91,
  "fields": {
    "recipe": 13,
    "stock": 14,
    "ingredients_measure": "21.63",
    "measure_type": "ml"
  }
},
{
  "model": "hotel.ingredient",
  "pk": 92,
  "fields": {
    "recipe": 14,
    "stock": 1,
    "ingredients_measure": "66.60",
    "measure_type": "kg"
  }
},
{
  "model": "hotel.ingredient",
  "pk": 93,
  "fields": {
    "recipe": 14,
    "stock": 3,
    "ingredients_measure": "54.77",
    "measure_type": "l"
  }
},
{
  "model": "hotel.ingredient",
  "pk": 94,
  "fields": {
    "recipe": 14,
    "stock": 4,
    "ingredients_measure": "58.83",
    "measure_type": "ml"
  }
},
{
  "model": "hotel.ingredient",
  "pk": 95,
  "fields": {
    "recipe": 14,
    "stock": 5,
    "ingredients_measure": "72.11",
    "measure_type": "l"
  }
},
{
  "model": "hotel.ingredient",
  "pk": 96,
  "fields": {
    "recipe": 14,
    "stock": 6,
    "ingredients_measure": "21.39",
    "measure_type": "kg"
  }
},
{
  "model": "hotel.ingredient",
  "pk": 97,
  "fields": {
    "recipe": 14,
    "stock": 7,
    "ingredients_measure": "97.93",
    "measure_type": "ml"
  }
},
{
  "model": "hotel.ingredient",
  "pk": 98,
  "fields": {
    "recipe": 14,
    "stock": 10,
    "ingredients_measure": "88.70",
    "measure_type": "ml"
  }
},
{
  "model": "hotel.ingredient",
  "pk": 99,
  "fields": {
    "recipe": 15,
    "stock": 1,
    "ingredients_measure": "49.98",
    "measure_type": "kg"
  }
},
{
  "model": "hotel.ingredient",
  "pk": 100,
  "fields": {
    "recipe": 15,
    "stock": 2,
    "ingredients_measure": "64.29",
    "measure_type": "l"
  }
},
{
  "model": "hotel.ingredient",
  "pk": 101,
  "fields": {
    "recipe": 15,
    "stock": 3,
    "ingredients_measure": "94.53",
    "measure_type": "kg"
  }
},
{
  "model": "hotel.ingredient",
  "pk": 102,
  "fields": {
    "recipe": 15,
    "stock": 5,
    "ingredients_measure": "78.44",
    "measure_type": "ml"
  }
},
{
  "model": "hotel.ingredient",
  "pk": 103,
  "fields": {
    "recipe": 15,
    "stock": 6,
    "ingredients_measure": "52.40",
    "measure_type": "l"
  }
},
{
  "model": "hotel.ingredient",
  "pk": 104,
  "fields": {
    "recipe": 15,
    "stock": 7,
    "ingredients_measure": "38.53",
    "measure_type": "g"
  }
},
{
  "model": "hotel.ingredient",
  "pk": 105,
  "fields": {
    "recipe": 15,
    "stock": 11,
    "ingredients_measure": "88.42",
    "measure_type": "kg"
  }
},
{
  "model": "hotel.ingredient",
  "pk": 106,
  "fields": {
    "recipe": 16,
    "stock": 1,
    "ingredients_measure": "80.82",
    "measure_type": "ml"
  }
},
{
  "model": "hotel.ingredient",
  "pk": 107,
  "fields": {
    "recipe": 16,
    "stock": 2,
    "ingredients_measure": "23.14",
    "measure_type": "l"
  }
},
{
  "model": "hotel.ingredient",
  "pk": 108,
  "fields": {
    "recipe": 16,
    "stock": 6,
    "ingredients_measure": "53.40",
    "measure_type": "g"
  }
},
{
  "model": "hotel.ingredient",
  "pk": 109,
  "fields": {
    "recipe": 16,
    "stock": 12,
    "ingredients_measure": "54.28",
    "measure_type": "kg"
  }
},
{
  "model": "hotel.ingredient",
  "pk": 110,
  "fields": {
    "recipe": 16,
    "stock": 15,
    "ingredients_measure": "35.36",
    "measure_type": "kg"
  }
},
{
  "model": "hotel.ingredient",
  "pk": 111,
  "fields": {
    "recipe": 16,
    "stock": 17,
    "ingredients_measure": "17.18",
    "measure_type": "l"
  }
},
{
  "model": "hotel.ingredient",
  "pk": 112,
  "fields": {
    "recipe": 16,
    "stock": 18,
    "ingredients_measure": "51.31",
    "measure_type": "g"
  }
},
{
  "model": "hotel.ingredient",
  "pk": 113,
  "fields": {
    "recipe": 17,
    "stock": 2,
    "ingredients_measure": "79.26",
    "measure_type": "l"
  }
},
{
  "model": "hotel.ingredient",
  "pk": 114,
  "fields": {
    "recipe": 17,
    "stock": 5,
    "ingredients_measure": "73.12",
    "measure_type": "kg"
  }
},
{
  "model": "hotel.ingredient",
  "pk": 115,
  "fields": {
    "recipe": 17,
    "stock": 6,
    "ingredients_measure": "64.53",
    "measure_type": "l"
  }
},
{
  "model": "hotel.ingredient",
  "pk": 116,
  "fields": {
    "recipe": 17,
    "stock": 7,
    "ingredients_measure": "17.33",
    "measure_type": "ml"
  }
},
{
  "model": "hotel.ingredient",
  "pk": 117,
  "fields": {
    "recipe": 17,
    "stock": 9,
    "ingredients_measure": "92.58",
    "measure_type": "g"
  }
},
{
  "model": "hotel.ingredient",
  "pk": 118,
  "fields": {
    "recipe": 17,
    "stock": 10,
    "ingredients_measure": "27.43",
    "measure_type": "kg"
  }
},
{
  "model": "hotel.ingredient",
  "pk": 119,
  "fields": {
    "recipe": 17,
    "stock": 16,
    "ingredients_measure": "44.11",
    "measure_type": "g"
  }
},
{
  "model": "hotel.ingredient",
  "pk": 120,
  "fields": {
    "recipe": 18,
    "stock": 1,
    "ingredients_measure": "73.43",
    "measure_type": "kg"
  }
},
{
  "model": "hotel.ingredient",
  "pk": 121,
  "fields": {
    "recipe": 18,
    "stock": 2,
    "ingredients_measure": "31.79",
    "measure_type": "g"
  }
},
{
  "model": "hotel.ingredient",
  "pk": 122,
  "fields": {
    "recipe": 18,
    "stock": 3,
    "ingredients_measure": "25.06",
    "measure_type": "l"
  }
},
{
  "model": "hotel.ingredient",
  "pk": 123,
  "fields": {
    "recipe": 18,
    "stock": 4,
    "ingredients_measure": "22.77",
    "measure_type": "g"
  }
},
{
  "model": "hotel.ingredient",
  "pk": 124,
  "fields": {
    "recipe": 18,
    "stock": 6,
    "ingredients_measure": "98.32",
    "measure_type": "g"
  }
},
{
  "model": "hotel.ingredient",
  "pk": 125,
  "fields": {
    "recipe": 18,
    "stock": 7,
    "ingredients_measure": "41.63",
    "measure_type": "l"
  }
},
{
  "model": "hotel.ingredient",
  "pk": 126,
  "fields": {
    "recipe": 18,
    "stock": 8,
    "ingredients_measure": "67.86",
    "measure_type": "l"
  }
},
{
  "model": "hotel.ingredient",
  "pk": 127,
  "fields": {
    "recipe": 19,
    "stock": 1,
    "ingredients_measure": "45.26",
    "measure_type": "g"
  }
},
{
  "model": "hotel.ingredient",
  "pk": 128,
  "fields": {
    "recipe": 19,
    "stock": 2,
    "ingredients_measure": "19.71",
    "measure_type": "ml"
  }
},
{
  "model": "hotel.ingredient",
  "pk": 129,
  "fields": {
    "recipe": 19,
    "stock": 3,
    "ingredients_measure": "68.06",
    "measure_type": "ml"
  }
},
{
  "model": "hotel.ingredient",
  "pk": 130,
  "fields": {
    "recipe": 19,
    "stock": 4,
    "ingredients_measure": "29.38",
    "measure_type": "kg"
  }
},
{
  "model": "hotel.ingredient",
  "pk": 131,
  "fields": {
    "recipe": 19,
    "stock": 6,
    "ingredients_measure": "43.66",
    "measure_type": "ml"
  }
},
{
  "model": "hotel.ingredient",
  "pk": 132,
  "fields": {
    "recipe": 19,
    "stock": 7,
    "ingredients_measure": "55.80",
    "measure_type": "g"
  }
},
{
  "model": "hotel.ingredient",
  "pk": 133,
  "fields": {
    "recipe": 19,
    "stock": 8,
    "ingredients_measure": "47.92",
    "measure_type": "kg"
  }
},
{
  "model": "hotel.ingredient",
  "pk": 134,
  "fields": {
    "recipe": 20,
    "stock": 1,
    "ingredients_measure": "20.37",
    "measure_type": "g"
  }
},
{
  "model": "hotel.ingredient",
  "pk": 135,
  "fields": {
    "recipe": 20,
    "stock": 4,
    "ingredients_measure": "87.74",
    "measure_type": "ml"
  }
},
{
  "model": "hotel.ingredient",
  "pk": 136,
  "fields": {
    "recipe": 20,
    "stock": 7,
    "ingredients_measure": "52.42",
    "measure_type": "ml"
  }
},
{
  "model": "hotel.ingredient",
  "pk": 137,
  "fields": {
    "recipe": 20,
    "stock": 9,
    "ingredients_measure": "77.74",
    "measure_type": "l"
  }
},
{
  "model": "hotel.ingredient",
  "pk": 138,
  "fields": {
    "recipe": 20,
    "stock": 13,
    "ingredients_measure": "15.50",
    "measure_type": "ml"
  }
},
{
  "model": "hotel.ingredient",
  "pk": 139,
  "fields": {
    "recipe": 20,
    "stock": 14,
    "ingredients_measure": "96.84",
    "measure_type": "kg"
  }
},
{
  "model": "hotel.ingredient",
  "pk": 140,
  "fields": {
    "recipe": 20,
    "stock": 15,
    "ingredients_measure": "91.44",
    "measure_type": "kg"
  }
},
{
  "model": "hotel.ingredient",
  "pk": 141,
  "fields": {
    "recipe": 21,
    "stock": 2,
    "ingredients_measure": "32.25",
    "measure_type": "ml"
  }
},
{
  "model": "hotel.ingredient",
  "pk": 142,
  "fields": {
    "recipe": 21,
    "stock": 3,
    "ingredients_measure": "64.49",
    "measure_type": "kg"
  }
},
{
  "model": "hotel.ingredient",
  "pk": 143,
  "fields": {
    "recipe": 21,
    "stock": 15,
    "ingredients_measure": "79.50",
    "measure_type": "ml"
  }
},
{
  "model": "hotel.ingredient",
  "pk": 144,
  "fields": {
    "recipe": 21,
    "stock": 18,
    "ingredients_measure": "94.18",
    "measure_type": "kg"
  }
},
{
  "model": "hotel.ingredient",
  "pk": 145,
  "fields": {
    "recipe": 21,
    "stock": 19,
    "ingredients_measure": "89.99",
    "measure_type": "g"
  }
},
{
  "model": "hotel.ingredient",
  "pk": 146,
  "fields": {
    "recipe": 21,
    "stock": 25,
    "ingredients_measure": "58.20",
    "measure_type": "l"
  }
},
{
  "model": "hotel.ingredient",
  "pk": 147,
  "fields": {
    "recipe": 21,
    "stock": 26,
    "ingredients_measure": "89.56",
    "measure_type": "ml"
  }
},
{
  "model": "hotel.ingredient",
  "pk": 148,
  "fields": {
    "recipe": 22,
    "stock": 2,
    "ingredients_measure": "54.24",
    "measure_type": "ml"
  }
},
{
  "model": "hotel.ingredient",
  "pk": 149,
  "fields": {
    "recipe": 22,
    "stock": 4,
    "ingredients_measure": "97.20",
    "measure_type": "l"
  }
},
{
  "model": "hotel.ingredient",
  "pk": 150,
  "fields": {
    "recipe": 22,
    "stock": 5,
    "ingredients_measure": "42.43",
    "measure_type": "ml"
  }
},
{
  "model": "hotel.ingredient",
  "pk": 151,
  "fields": {
    "recipe": 22,
    "stock": 6,
    "ingredients_measure": "99.19",
    "measure_type": "kg"
  }
},
{
  "model": "hotel.ingredient",
  "pk": 152,
  "fields": {
    "recipe": 22,
    "stock": 7,
    "ingredients_measure": "10.70",
    "measure_type": "l"
  }
},
{
  "model": "hotel.ingredient",
  "pk": 153,
  "fields": {
    "recipe": 22,
    "stock": 9,
    "ingredients_measure": "49.22",
    "measure_type": "l"
  }
},
{
  "model": "hotel.ingredient",
  "pk": 154,
  "fields": {
    "recipe": 22,
    "stock": 10,
    "ingredients_measure": "75.58",
    "measure_type": "kg"
  }
},
{
  "model": "hotel.ingredient",
  "pk": 155,
  "fields": {
    "recipe": 23,
    "stock": 2,
    "ingredients_measure": "87.49",
    "measure_type": "kg"
  }
},
{
  "model": "hotel.ingredient",
  "pk": 156,
  "fields": {
    "recipe": 23,
    "stock": 3,
    "ingredients_measure": "15.61",
    "measure_type": "ml"
  }
},
{
  "model": "hotel.ingredient",
  "pk": 157,
  "fields": {
    "recipe": 23,
    "stock": 5,
    "ingredients_measure": "18.85",
    "measure_type": "g"
  }
},
{
  "model": "hotel.ingredient",
  "pk": 158,
  "fields": {
    "recipe": 23,
    "stock": 6,
    "ingredients_measure": "94.33",
    "measure_type": "g"
  }
},
{
  "model": "hotel.ingredient",
  "pk": 159,
  "fields": {
    "recipe": 23,
    "stock": 8,
    "ingredients_measure": "36.31",
    "measure_type": "ml"
  }
},
{
  "model": "hotel.ingredient",
  "pk": 160,
  "fields": {
    "recipe": 23,
    "stock": 9,
    "ingredients_measure": "37.81",
    "measure_type": "g"
  }
},
{
  "model": "hotel.ingredient",
  "pk": 161,
  "fields": {
    "recipe": 23,
    "stock": 10,
    "ingredients_measure": "83.11",
    "measure_type": "g"
  }
},
{
  "model": "hotel.ingredient",
  "pk": 162,
  "fields": {
    "recipe": 24,
    "stock": 1,
    "ingredients_measure": "47.95",
    "measure_type": "g"
  }
},
{
  "model": "hotel.ingredient",
  "pk": 163,
  "fields": {
    "recipe": 24,
    "stock": 2,
    "ingredients_measure": "18.16",
    "measure_type": "g"
  }
},
{
  "model": "hotel.ingredient",
  "pk": 164,
  "fields": {
    "recipe": 24,
    "stock": 3,
    "ingredients_measure": "20.52",
    "measure_type": "l"
  }
},
{
  "model": "hotel.ingredient",
  "pk": 165,
  "fields": {
    "recipe": 24,
    "stock": 4,
    "ingredients_measure": "84.54",
    "measure_type": "ml"
  }
},
{
  "model": "hotel.ingredient",
  "pk": 166,
  "fields": {
    "recipe": 24,
    "stock": 5,
    "ingredients_measure": "40.54",
    "measure_type": "g"
  }
},
{
  "model": "hotel.ingredient",
  "pk": 167,
  "fields": {
    "recipe": 24,
    "stock": 8,
    "ingredients_measure": "81.95",
    "measure_type": "kg"
  }
},
{
  "model": "hotel.ingredient",
  "pk": 168,
  "fields": {
    "recipe": 24,
    "stock": 10,
    "ingredients_measure": "19.50",
    "measure_type": "l"
  }
},
{
  "model": "hotel.ingredient",
  "pk": 169,
  "fields": {
    "recipe": 25,
    "stock": 4,
    "ingredients_measure": "60.69",
    "measure_type": "kg"
  }
},
{
  "model": "hotel.ingredient",
  "pk": 170,
  "fields": {
    "recipe": 25,
    "stock": 7,
    "ingredients_measure": "78.24",
    "measure_type": "ml"
  }
},
{
  "model": "hotel.ingredient",
  "pk": 171,
  "fields": {
    "recipe": 25,
    "stock": 8,
    "ingredients_measure": "75.88",
    "measure_type": "l"
  }
},
{
  "model": "hotel.ingredient",
  "pk": 172,
  "fields": {
    "recipe": 25,
    "stock": 11,
    "ingredients_measure": "46.54",
    "measure_type": "kg"
  }
},
{
  "model": "hotel.ingredient",
  "pk": 173,
  "fields": {
    "recipe": 25,
    "stock": 15,
    "ingredients_measure": "31.60",
    "measure_type": "l"
  }
},
{
  "model": "hotel.ingredient",
  "pk": 174,
  "fields": {
    "recipe": 25,
    "stock": 16,
    "ingredients_measure": "45.20",
    "measure_type": "l"
  }
},
{
  "model": "hotel.ingredient",
  "pk": 175,
  "fields": {
    "recipe": 25,
    "stock": 20,
    "ingredients_measure": "83.52",
    "measure_type": "ml"
  }
},
{
  "model": "hotel.ingredient",
  "pk": 176,
  "fields": {
    "recipe": 26,
    "stock": 2,
    "ingredients_measure": "99.15",
    "measure_type": "l"
  }
},
{
  "model": "hotel.ingredient",
  "pk": 177,
  "fields": {
    "recipe": 26,
    "stock": 4,
    "ingredients_measure": "73.40",
    "measure_type": "g"
  }
},
{
  "model": "hotel.ingredient",
  "pk": 178,
  "fields": {
    "recipe": 26,
    "stock": 5,
    "ingredients_measure": "19.19",
    "measure_type": "ml"
  }
},
{
  "model": "hotel.ingredient",
  "pk": 179,
  "fields": {
    "recipe": 26,
    "stock": 7,
    "ingredients_measure": "24.21",
    "measure_type": "kg"
  }
},
{
  "model": "hotel.ingredient",
  "pk": 180,
  "fields": {
    "recipe": 26,
    "stock": 11,
    "ingredients_measure": "65.27",
    "measure_type": "ml"
  }
},
{
  "model": "hotel.ingredient",
  "pk": 181,
  "fields": {
    "recipe": 26,
    "stock": 14,
    "ingredients_measure": "18.16",
    "measure_type": "kg"
  }
},
{
  "model": "hotel.ingredient",
  "pk": 182,
  "fields": {
    "recipe": 26,
    "stock": 17,
    "ingredients_measure": "18.56",
    "measure_type": "l"
  }
},
{
  "model": "hotel.ingredient",
  "pk": 183,
  "fields": {
    "recipe": 27,
    "stock": 3,
    "ingredients_measure": "30.39",
    "measure_type": "ml"
  }
},
{
  "model": "hotel.ingredient",
  "pk": 184,
  "fields": {
    "recipe": 27,
    "stock": 9,
    "ingredients_measure": "55.95",
    "measure_type": "ml"
  }
},
{
  "model": "hotel.ingredient",
  "pk": 185,
  "fields": {
    "recipe": 27,
    "stock": 11,
    "ingredients_measure": "16.12",
    "measure_type": "g"
  }
},
{
  "model": "hotel.ingredient",
  "pk": 186,
  "fields": {
    "recipe": 27,
    "stock": 13,
    "ingredients_measure": "52.25",
    "measure_type": "ml"
  }
},
{
  "model": "hotel.ingredient",
  "pk": 187,
  "fields": {
    "recipe": 27,
    "stock": 14,
    "ingredients_measure": "10.28",
    "measure_type": "ml"
  }
},
{
  "model": "hotel.ingredient",
  "pk": 188,
  "fields": {
    "recipe": 27,
    "stock": 20,
    "ingredients_measure": "83.66",
    "measure_type": "g"
  }
},
{
  "model": "hotel.ingredient",
  "pk": 189,
  "fields": {
    "recipe": 27,
    "stock": 21,
    "ingredients_measure": "72.53",
    "measure_type": "kg"
  }
},
{
  "model": "hotel.ingredient",
  "pk": 190,
  "fields": {
    "recipe": 28,
    "stock": 1,
    "ingredients_measure": "36.23",
    "measure_type": "ml"
  }
},
{
  "model": "hotel.ingredient",
  "pk": 191,
  "fields": {
    "recipe": 28,
    "stock": 4,
    "ingredients_measure": "99.57",
    "measure_type": "l"
  }
},
{
  "model": "hotel.ingredient",
  "pk": 192,
  "fields": {
    "recipe": 28,
    "stock": 5,
    "ingredients_measure": "14.66",
    "measure_type": "kg"
  }
},
{
  "model": "hotel.ingredient",
  "pk": 193,
  "fields": {
    "recipe": 28,
    "stock": 6,
    "ingredients_measure": "65.80",
    "measure_type": "kg"
  }
},
{
  "model": "hotel.ingredient",
  "pk": 194,
  "fields": {
    "recipe": 28,
    "stock": 7,
    "ingredients_measure": "68.85",
    "measure_type": "g"
  }
},
{
  "model": "hotel.ingredient",
  "pk": 195,
  "fields": {
    "recipe": 28,
    "stock": 8,
    "ingredients_measure": "50.67",
    "measure_type": "l"
  }
},
{
  "model": "hotel.ingredient",
  "pk": 196,
  "fields": {
    "recipe": 28,
    "stock": 9,
    "ingredients_measure": "81.43",
    "measure_type": "kg"
  }
},
{
  "model": "hotel.ingredient",
  "pk": 197,
  "fields": {
    "recipe": 29,
    "stock": 2,
    "ingredients_measure": "49.43",
    "measure_type": "g"
  }
},
{
  "model": "hotel.ingredient",
  "pk": 198,
  "fields": {
    "recipe": 29,
    "stock": 4,
    "ingredients_measure": "13.73",
    "measure_type": "l"
  }
},
{
  "model": "hotel.ingredient",
  "pk": 199,
  "fields": {
    "recipe": 29,
    "stock": 9,
    "ingredients_measure": "23.59",
    "measure_type": "ml"
  }
},
{
  "model": "hotel.ingredient",
  "pk": 200,
  "fields": {
    "recipe": 29,
    "stock": 12,
    "ingredients_measure": "41.69",
    "measure_type": "kg"
  }
},
{
  "model": "hotel.ingredient",
  "pk": 201,
  "fields": {
    "recipe": 29,
    "stock": 15,
    "ingredients_measure": "72.09",
    "measure_type": "kg"
  }
},
{
  "model": "hotel.ingredient",
  "pk": 202,
  "fields": {
    "recipe": 29,
    "stock": 16,
    "ingredients_measure": "65.88",
    "measure_type": "l"
  }
},
{
  "model": "hotel.ingredient",
  "pk": 203,
  "fields": {
    "recipe": 29,
    "stock": 17,
    "ingredients_measure": "53.92",
    "measure_type": "l"
  }
},
{
  "model": "hotel.ingredient",
  "pk": 204,
  "fields": {
    "recipe": 30,
    "stock": 1,
    "ingredients_measure": "20.09",
    "measure_type": "kg"
  }
},
{
  "model": "hotel.ingredient",
  "pk": 205,
  "fields": {
    "recipe": 30,
    "stock": 2,
    "ingredients_measure": "68.52",
    "measure_type": "kg"
  }
},
{
  "model": "hotel.ingredient",
  "pk": 206,
  "fields": {
    "recipe": 30,
    "stock": 3,
    "ingredients_measure": "18.98",
    "measure_type": "kg"
  }
},
{
  "model": "hotel.ingredient",
  "pk": 207,
  "fields": {
    "recipe": 30,
    "stock": 5,
    "ingredients_measure": "72.20",
    "measure_type": "l"
  }
},
{
  "model": "hotel.ingredient",
  "pk": 208,
  "fields": {
    "recipe": 30,
    "stock": 11,
    "ingredients_measure": "40.91",
    "measure_type": "g"
  }
},
{
  "model": "hotel.ingredient",
  "pk": 209,
  "fields": {
    "recipe": 30,
    "stock": 12,
    "ingredients_measure": "66.29",
    "measure_type": "l"
  }
},
{
  "model": "hotel.ingredient",
  "pk": 210,
  "fields": {
    "recipe": 30,
    "stock": 13,
    "ingredients_measure": "19.49",
    "measure_type": "kg"
  }
},
{
  "model": "hotel.ingredient",
  "pk": 211,
  "fields": {
    "recipe": 31,
    "stock": 4,
    "ingredients_measure": "11.13",
    "measure_type": "ml"
  }
},
{
  "model": "hotel.ingredient",
  "pk": 212,
  "fields": {
    "recipe": 31,
    "stock": 5,
    "ingredients_measure": "19.61",
    "measure_type": "ml"
  }
},
{
  "model": "hotel.ingredient",
  "pk": 213,
  "fields": {
    "recipe": 31,
    "stock": 6,
    "ingredients_measure": "36.36",
    "measure_type": "ml"
  }
},
{
  "model": "hotel.ingredient",
  "pk": 214,
  "fields": {
    "recipe": 31,
    "stock": 7,
    "ingredients_measure": "70.20",
    "measure_type": "l"
  }
},
{
  "model": "hotel.ingredient",
  "pk": 215,
  "fields": {
    "recipe": 31,
    "stock": 9,
    "ingredients_measure": "18.42",
    "measure_type": "g"
  }
},
{
  "model": "hotel.ingredient",
  "pk": 216,
  "fields": {
    "recipe": 31,
    "stock": 10,
    "ingredients_measure": "32.74",
    "measure_type": "g"
  }
},
{
  "model": "hotel.ingredient",
  "pk": 217,
  "fields": {
    "recipe": 31,
    "stock": 11,
    "ingredients_measure": "47.40",
    "measure_type": "g"
  }
},
{
  "model": "hotel.ingredient",
  "pk": 218,
  "fields": {
    "recipe": 32,
    "stock": 1,
    "ingredients_measure": "49.35",
    "measure_type": "l"
  }
},
{
  "model": "hotel.ingredient",
  "pk": 219,
  "fields": {
    "recipe": 32,
    "stock": 3,
    "ingredients_measure": "71.82",
    "measure_type": "l"
  }
},
{
  "model": "hotel.ingredient",
  "pk": 220,
  "fields": {
    "recipe": 32,
    "stock": 4,
    "ingredients_measure": "66.34",
    "measure_type": "l"
  }
},
{
  "model": "hotel.ingredient",
  "pk": 221,
  "fields": {
    "recipe": 32,
    "stock": 7,
    "ingredients_measure": "72.17",
    "measure_type": "l"
  }
},
{
  "model": "hotel.ingredient",
  "pk": 222,
  "fields": {
    "recipe": 32,
    "stock": 8,
    "ingredients_measure": "78.68",
    "measure_type": "kg"
  }
},
{
  "model": "hotel.ingredient",
  "pk": 223,
  "fields": {
    "recipe": 32,
    "stock": 11,
    "ingredients_measure": "99.81",
    "measure_type": "g"
  }
},
{
  "model": "hotel.ingredient",
  "pk": 224,
  "fields": {
    "recipe": 32,
    "stock": 14,
    "ingredients_measure": "96.95",
    "measure_type": "l"
  }
},
{
  "model": "hotel.ingredient",
  "pk": 225,
  "fields": {
    "recipe": 33,
    "stock": 1,
    "ingredients_measure": "76.68",
    "measure_type": "kg"
  }
},
{
  "model": "hotel.ingredient",
  "pk": 226,
  "fields": {
    "recipe": 33,
    "stock": 3,
    "ingredients_measure": "58.85",
    "measure_type": "ml"
  }
},
{
  "model": "hotel.ingredient",
  "pk": 227,
  "fields": {
    "recipe": 33,
    "stock": 4,
    "ingredients_measure": "64.21",
    "measure_type": "kg"
  }
},
{
  "model": "hotel.ingredient",
  "pk": 228,
  "fields": {
    "recipe": 33,
    "stock": 5,
    "ingredients_measure": "95.26",
    "measure_type": "g"
  }
},
{
  "model": "hotel.ingredient",
  "pk": 229,
  "fields": {
    "recipe": 33,
    "stock": 7,
    "ingredients_measure": "20.55",
    "measure_type": "kg"
  }
},
{
  "model": "hotel.ingredient",
  "pk": 230,
  "fields": {
    "recipe": 33,
    "stock": 8,
    "ingredients_measure": "51.81",
    "measure_type": "g"
  }
},
{
  "model": "hotel.ingredient",
  "pk": 231,
  "fields": {
    "recipe": 33,
    "stock": 10,
    "ingredients_measure": "29.87",
    "measure_type": "g"
  }
},
{
  "model": "hotel.ingredient",
  "pk": 232,
  "fields": {
    "recipe": 34,
    "stock": 5,
    "ingredients_measure": "47.06",
    "measure_type": "ml"
  }
},
{
  "model": "hotel.ingredient",
  "pk": 233,
  "fields": {
    "recipe": 34,
    "stock": 6,
    "ingredients_measure": "66.06",
    "measure_type": "ml"
  }
},
{
  "model": "hotel.ingredient",
  "pk": 234,
  "fields": {
    "recipe": 34,
    "stock": 7,
    "ingredients_measure": "19.35",
    "measure_type": "l"
  }
},
{
  "model": "hotel.ingredient",
  "pk": 235,
  "fields": {
    "recipe": 34,
    "stock": 8,
    "ingredients_measure": "94.46",
    "measure_type": "l"
  }
},
{
  "model": "hotel.ingredient",
  "pk": 236,
  "fields": {
    "recipe": 34,
    "stock": 9,
    "ingredients_measure": "30.11",
    "measure_type": "g"
  }
},
{
  "model": "hotel.ingredient",
  "pk": 237,
  "fields": {
    "recipe": 34,
    "stock": 10,
    "ingredients_measure": "43.00",
    "measure_type": "kg"
  }
},
{
  "model": "hotel.ingredient",
  "pk": 238,
  "fields": {
    "recipe": 34,
    "stock": 15,
    "ingredients_measure": "98.68",
    "measure_type": "ml"
  }
},
{
  "model": "hotel.ingredient",
  "pk": 239,
  "fields": {
    "recipe": 35,
    "stock": 3,
    "ingredients_measure": "90.07",
    "measure_type": "kg"
  }
},
{
  "model": "hotel.ingredient",
  "pk": 240,
  "fields": {
    "recipe": 35,
    "stock": 9,
    "ingredients_measure": "96.78",
    "measure_type": "kg"
  }
},
{
  "model": "hotel.ingredient",
  "pk": 241,
  "fields": {
    "recipe": 35,
    "stock": 11,
    "ingredients_measure": "57.46",
    "measure_type": "g"
  }
},
{
  "model": "hotel.ingredient",
  "pk": 242,
  "fields": {
    "recipe": 35,
    "stock": 13,
    "ingredients_measure": "36.63",
    "measure_type": "kg"
  }
},
{
  "model": "hotel.ingredient",
  "pk": 243,
  "fields": {
    "recipe": 35,
    "stock": 15,
    "ingredients_measure": "48.43",
    "measure_type": "g"
  }
},
{
  "model": "hotel.ingredient",
  "pk": 244,
  "fields": {
    "recipe": 35,
    "stock": 16,
    "ingredients_measure": "23.10",
    "measure_type": "kg"
  }
},
{
  "model": "hotel.ingredient",
  "pk": 245,
  "fields": {
    "recipe": 35,
    "stock": 18,
    "ingredients_measure": "68.87",
    "measure_type": "l"
  }
},
{
  "model": "hotel.ingredient",
  "pk": 246,
  "fields": {
    "recipe": 36,
    "stock": 1,
    "ingredients_measure": "35.60",
    "measure_type": "kg"
  }
},
{
  "model": "hotel.ingredient",
  "pk": 247,
  "fields": {
    "recipe": 36,
    "stock": 2,
    "ingredients_measure": "64.87",
    "measure_type": "ml"
  }
},
{
  "model": "hotel.ingredient",
  "pk": 248,
  "fields": {
    "recipe": 36,
    "stock": 3,
    "ingredients_measure": "83.29",
    "measure_type": "l"
  }
},
{
  "model": "hotel.ingredient",
  "pk": 249,
  "fields": {
    "recipe": 36,
    "stock": 5,
    "ingredients_measure": "46.23",
    "measure_type": "ml"
  }
},
{
  "model": "hotel.ingredient",
  "pk": 250,
  "fields": {
    "recipe": 36,
    "stock": 6,
    "ingredients_measure": "81.82",
    "measure_type": "kg"
  }
},
{
  "model": "hotel.ingredient",
  "pk": 251,
  "fields": {
    "recipe": 36,
    "stock": 8,
    "ingredients_measure": "38.73",
    "measure_type": "kg"
  }
},
{
  "model": "hotel.ingredient",
  "pk": 252,
  "fields": {
    "recipe": 36,
    "stock": 9,
    "ingredients_measure": "20.39",
    "measure_type": "ml"
  }
},
{
  "model": "hotel.ingredient",
  "pk": 253,
  "fields": {
    "recipe": 37,
    "stock": 1,
    "ingredients_measure": "55.46",
    "measure_type": "kg"
  }
},
{
  "model": "hotel.ingredient",
  "pk": 254,
  "fields": {
    "recipe": 37,
    "stock": 2,
    "ingredients_measure": "44.53",
    "measure_type": "kg"
  }
},
{
  "model": "hotel.ingredient",
  "pk": 255,
  "fields": {
    "recipe": 37,
    "stock": 4,
    "ingredients_measure": "94.13",
    "measure_type": "kg"
  }
},
{
  "model": "hotel.ingredient",
  "pk": 256,
  "fields": {
    "recipe": 37,
    "stock": 7,
    "ingredients_measure": "12.41",
    "measure_type": "ml"
  }
},
{
  "model": "hotel.ingredient",
  "pk": 257,
  "fields": {
    "recipe": 37,
    "stock": 8,
    "ingredients_measure": "39.07",
    "measure_type": "g"
  }
},
{
  "model": "hotel.ingredient",
  "pk": 258,
  "fields": {
    "recipe": 37,
    "stock": 9,
    "ingredients_measure": "83.51",
    "measure_type": "l"
  }
},
{
  "model": "hotel.ingredient",
  "pk": 259,
  "fields": {
    "recipe": 37,
    "stock": 12,
    "ingredients_measure": "58.71",
    "measure_type": "kg"
  }
},
{
  "model": "hotel.ingredient",
  "pk": 260,
  "fields": {
    "recipe": 38,
    "stock": 1,
    "ingredients_measure": "14.29",
    "measure_type": "l"
  }
},
{
  "model": "hotel.ingredient",
  "pk": 261,
  "fields": {
    "recipe": 38,
    "stock": 3,
    "ingredients_measure": "35.70",
    "measure_type": "kg"
  }
},
{
  "model": "hotel.ingredient",
  "pk": 262,
  "fields": {
    "recipe": 38,
    "stock": 4,
    "ingredients_measure": "29.58",
    "measure_type": "g"
  }
},
{
  "model": "hotel.ingredient",
  "pk": 263,
  "fields": {
    "recipe": 38,
    "stock": 9,
    "ingredients_measure": "92.79",
    "measure_type": "g"
  }
},
{
  "model": "hotel.ingredient",
  "pk": 264,
  "fields": {
    "recipe": 38,
    "stock": 12,
    "ingredients_measure": "90.90",
    "measure_type": "l"
  }
},
{
  "model": "hotel.ingredient",
  "pk": 265,
  "fields": {
    "recipe": 38,
    "stock": 17,
    "ingredients_measure": "47.48",
    "measure_type": "kg"
  }
},
{
  "model": "hotel.ingredient",
  "pk": 266,
  "fields": {
    "recipe": 38,
    "stock": 20,
    "ingredients_measure": "58.58",
    "measure_type": "kg"
  }
},
{
  "model": "hotel.ingredient",
  "pk": 267,
  "fields": {
    "recipe": 39,
    "stock": 1,
    "ingredients_measure": "93.70",
    "measure_type": "g"
  }
},
{
  "model": "hotel.ingredient",
  "pk": 268,
  "fields": {
    "recipe": 39,
    "stock": 2,
    "ingredients_measure": "62.82",
    "measure_type": "g"
  }
},
{
  "model": "hotel.ingredient",
  "pk": 269,
  "fields": {
    "recipe": 39,
    "stock": 8,
    "ingredients_measure": "84.31",
    "measure_type": "kg"
  }
},
{
  "model": "hotel.ingredient",
  "pk": 270,
  "fields": {
    "recipe": 39,
    "stock": 9,
    "ingredients_measure": "10.61",
    "measure_type": "l"
  }
},
{
  "model": "hotel.ingredient",
  "pk": 271,
  "fields": {
    "recipe": 39,
    "stock": 11,
    "ingredients_measure": "22.86",
    "measure_type": "l"
  }
},
{
  "model": "hotel.ingredient",
  "pk": 272,
  "fields": {
    "recipe": 39,
    "stock": 14,
    "ingredients_measure": "80.59",
    "measure_type": "l"
  }
},
{
  "model": "hotel.ingredient",
  "pk": 273,
  "fields": {
    "recipe": 39,
    "stock": 16,
    "ingredients_measure": "70.44",
    "measure_type": "ml"
  }
},
{
  "model": "hotel.ingredient",
  "pk": 274,
  "fields": {
    "recipe": 40,
    "stock": 1,
    "ingredients_measure": "97.93",
    "measure_type": "l"
  }
},
{
  "model": "hotel.ingredient",
  "pk": 275,
  "fields": {
    "recipe": 40,
    "stock": 2,
    "ingredients_measure": "26.97",
    "measure_type": "kg"
  }
},
{
  "model": "hotel.ingredient",
  "pk": 276,
  "fields": {
    "recipe": 40,
    "stock": 4,
    "ingredients_measure": "26.14",
    "measure_type": "g"
  }
},
{
  "model": "hotel.ingredient",
  "pk": 277,
  "fields": {
    "recipe": 40,
    "stock": 8,
    "ingredients_measure": "37.74",
    "measure_type": "g"
  }
},
{
  "model": "hotel.ingredient",
  "pk": 278,
  "fields": {
    "recipe": 40,
    "stock": 11,
    "ingredients_measure": "51.01",
    "measure_type": "kg"
  }
},
{
  "model": "hotel.ingredient",
  "pk": 279,
  "fields": {
    "recipe": 40,
    "stock": 13,
    "ingredients_measure": "16.21",
    "measure_type": "g"
  }
},
{
  "model": "hotel.ingredient",
  "pk": 280,
  "fields": {
    "recipe": 40,
    "stock": 16,
    "ingredients_measure": "84.37",
    "measure_type": "kg"
  }
},
{
  "model": "hotel.ingredient",
  "pk": 281,
  "fields": {
    "recipe": 41,
    "stock": 7,
    "ingredients_measure": "21.11",
    "measure_type": "l"
  }
},
{
  "model": "hotel.ingredient",
  "pk": 282,
  "fields": {
    "recipe": 41,
    "stock": 8,
    "ingredients_measure": "40.99",
    "measure_type": "l"
  }
},
{
  "model": "hotel.ingredient",
  "pk": 283,
  "fields": {
    "recipe": 41,
    "stock": 10,
    "ingredients_measure": "56.71",
    "measure_type": "ml"
  }
},
{
  "model": "hotel.ingredient",
  "pk": 284,
  "fields": {
    "recipe": 41,
    "stock": 16,
    "ingredients_measure": "65.55",
    "measure_type": "kg"
  }
},
{
  "model": "hotel.ingredient",
  "pk": 285,
  "fields": {
    "recipe": 41,
    "stock": 17,
    "ingredients_measure": "84.35",
    "measure_type": "l"
  }
},
{
  "model": "hotel.ingredient",
  "pk": 286,
  "fields": {
    "recipe": 41,
    "stock": 19,
    "ingredients_measure": "77.27",
    "measure_type": "g"
  }
},
{
  "model": "hotel.ingredient",
  "pk": 287,
  "fields": {
    "recipe": 41,
    "stock": 20,
    "ingredients_measure": "79.99",
    "measure_type": "g"
  }
},
{
  "model": "hotel.ingredient",
  "pk": 288,
  "fields": {
    "recipe": 42,
    "stock": 2,
    "ingredients_measure": "80.14",
    "measure_type": "g"
  }
},
{
  "model": "hotel.ingredient",
  "pk": 289,
  "fields": {
    "recipe": 42,
    "stock": 3,
    "ingredients_measure": "45.32",
    "measure_type": "g"
  }
},
{
  "model": "hotel.ingredient",
  "pk": 290,
  "fields": {
    "recipe": 42,
    "stock": 4,
    "ingredients_measure": "26.53",
    "measure_type": "ml"
  }
},
{
  "model": "hotel.ingredient",
  "pk": 291,
  "fields": {
    "recipe": 42,
    "stock": 5,
    "ingredients_measure": "91.71",
    "measure_type": "kg"
  }
},
{
  "model": "hotel.ingredient",
  "pk": 292,
  "fields": {
    "recipe": 42,
    "stock": 7,
    "ingredients_measure": "92.91",
    "measure_type": "ml"
  }
},
{
  "model": "hotel.ingredient",
  "pk": 293,
  "fields": {
    "recipe": 42,
    "stock": 9,
    "ingredients_measure": "64.40",
    "measure_type": "g"
  }
},
{
  "model": "hotel.ingredient",
  "pk": 294,
  "fields": {
    "recipe": 42,
    "stock": 11,
    "ingredients_measure": "26.72",
    "measure_type": "ml"
  }
},
{
  "model": "hotel.meallist",
  "pk": 1,
  "fields": {
    "recipe": 41,
    "quantity_ordered": 18,
    "date": "2023-10-26"
  }
},
{
  "model": "hotel.meallist",
  "pk": 2,
  "fields": {
    "recipe": 35,
    "quantity_ordered": 10,
    "date": "2023-11-04"
  }
},
{
  "model": "hotel.meallist",
  "pk": 3,
  "fields": {
    "recipe": 26,
    "quantity_ordered": 18,
    "date": "2023-11-12"
  }
},
{
  "model": "hotel.meallist",
  "pk": 4,
  "fields": {
    "recipe": 32,
    "quantity_ordered": 16,
    "date": "2023-11-07"
  }
},
{
  "model": "hotel.meallist",
  "pk": 5,
  "fields": {
    "recipe": 2,
    "quantity_ordered": 9,
    "date": "2023-11-03"
  }
},
{
  "model": "hotel.meallist",
  "pk": 6,
  "fields": {
    "recipe": 22,
    "quantity_ordered": 19,
    "date": "2023-11-14"
  }
},
{
  "model": "hotel.meallist",
  "pk": 7,
  "fields": {
    "recipe": 11,
    "quantity_ordered": 13,
    "date": "2023-10-23"
  }
},
{
  "model": "hotel.meallist",
  "pk": 8,
  "fields": {
    "recipe": 8,
    "quantity_ordered": 9,
    "date": "2023-11-17"
  }
},
{
  "model": "hotel.meallist",
  "pk": 9,
  "fields": {
    "recipe": 10,
    "quantity_ordered": 13,
    "date": "2023-11-16"
  }
},
{
  "model": "hotel.meallist",
  "pk": 10,
  "fields": {
    "recipe": 28,
    "quantity_ordered": 13,
    "date": "2023-11-16"
  }
},
{
  "model": "hotel.meallist",
  "pk": 11,
  "fields": {
    "recipe": 2,
    "quantity_ordered": 9,
    "date": "2023-11-12"
  }
},
{
  "model": "hotel.meallist",
  "pk": 12,
  "fields": {
    "recipe": 6,
    "quantity_ordered": 13,
    "date": "2023-10-28"
  }
},
{
  "model": "hotel.meallist",
  "pk": 13,
  "fields": {
    "recipe": 1,
    "quantity_ordered": 10,
    "date": "2023-11-15"
  }
},
{
  "model": "hotel.meallist",
  "pk": 14,
  "fields": {
    "recipe": 25,
    "quantity_ordered": 14,
    "date": "2023-11-15"
  }
},
{
  "model": "hotel.meallist",
  "pk": 15,
  "fields": {
    "recipe": 38,
    "quantity_ordered": 7,
    "date": "2023-11-16"
  }
},
{
  "model": "hotel.meallist",
  "pk": 16,
  "fields": {
    "recipe": 19,
    "quantity_ordered": 9,
    "date": "2023-10-28"
  }
},
{
  "model": "hotel.meallist",
  "pk": 17,
  "fields": {
    "recipe": 31,
    "quantity_ordered": 14,
    "date": "2023-10-30"
  }
},
{
  "model": "hotel.meallist",
  "pk": 18,
  "fields": {
    "recipe": 8,
    "quantity_ordered": 6,
    "date": "2023-11-14"
  }
},
{
  "model": "hotel.meallist",
  "pk": 19,
  "fields": {
    "recipe": 5,
    "quantity_ordered": 20,
    "date": "2023-10-23"
  }
},
{
  "model": "hotel.meallist",
  "pk": 20,
  "fields": {
    "recipe": 16,
    "quantity_ordered": 4,
    "date": "2023-10-30"
  }
},
{
  "model": "hotel.meallist",
  "pk": 21,
  "fields": {
    "recipe": 40,
    "quantity_ordered": 11,
    "date": "2023-10-23"
  }
},
{
  "model": "hotel.meallist",
  "pk": 22,
  "fields": {
    "recipe": 5,
    "quantity_ordered": 17,
    "date": "2023-10-24"
  }
},
{
  "model": "hotel.meallist",
  "pk": 23,
  "fields": {
    "recipe": 15,
    "quantity_ordered": 7,
    "date": "2023-11-11"
  }
},
{
  "model": "hotel.meallist",
  "pk": 24,
  "fields": {
    "recipe": 19,
    "quantity_ordered": 18,
    "date": "2023-11-04"
  }
},
{
  "model": "hotel.meallist",
  "pk": 25,
  "fields": {
    "recipe": 1,
    "quantity_ordered": 5,
    "date": "2023-11-01"
  }
},
{
  "model": "hotel.meallist",
  "pk": 26,
  "fields": {
    "recipe": 9,
    "quantity_ordered": 4,
    "date": "2023-10-27"
  }
},
{
  "model": "hotel.meallist",
  "pk": 27,
  "fields": {
    "recipe": 35,
    "quantity_ordered": 8,
    "date": "2023-10-28"
  }
},
{
  "model": "hotel.meallist",
  "pk": 28,
  "fields": {
    "recipe": 16,
    "quantity_ordered": 6,
    "date": "2023-11-11"
  }
},
{
  "model": "hotel.meallist",
  "pk": 29,
  "fields": {
    "recipe": 42,
    "quantity_ordered": 19,
    "date": "2023-10-29"
  }
},
{
  "model": "hotel.meallist",
  "pk": 30,
  "fields": {
    "recipe": 28,
    "quantity_ordered": 18,
    "date": "2023-11-12"
  }
},
{
  "model": "hotel.meallist",
  "pk": 31,
  "fields": {
    "recipe": 32,
    "quantity_ordered": 10,
    "date": "2023-11-04"
  }
},
{
  "model": "hotel.meallist",
  "pk": 32,
  "fields": {
    "recipe": 25,
    "quantity_ordered": 17,
    "date": "2023-10-24"
  }
},
{
  "model": "hotel.meallist",
  "pk": 33,
  "fields": {
    "recipe": 32,
    "quantity_ordered": 9,
    "date": "2023-11-10"
  }
},
{
  "model": "hotel.meallist",
  "pk": 34,
  "fields": {
    "recipe": 21,
    "quantity_ordered": 16,
    "date": "2023-10-29"
  }
},
{
  "model": "hotel.meallist",
  "pk": 35,
  "fields": {
    "recipe": 13,
    "quantity_ordered": 9,
    "date": "2023-11-03"
  }
},
{
  "model": "hotel.meallist",
  "pk": 36,
  "fields": {
    "recipe": 40,
    "quantity_ordered": 10,
    "date": "2023-10-29"
  }
},
{
  "model": "hotel.meallist",
  "pk": 37,
  "fields": {
    "recipe": 17,
    "quantity_ordered": 20,
    "date": "2023-11-16"
  }
},
{
  "model": "hotel.meallist",
  "pk": 38,
  "fields": {
    "recipe": 40,
    "quantity_ordered": 20,
    "date": "2023-11-04"
  }
},
{
  "model": "hotel.meallist",
  "pk": 39,
  "fields": {
    "recipe": 15,
    "quantity_ordered": 7,
    "date": "2023-11-02"
  }
},
{
  "model": "hotel.meallist",
  "pk": 40,
  "fields": {
    "recipe": 28,
    "quantity_ordered": 4,
    "date": "2023-10-24"
  }
},
{
  "model": "hotel.meallist",
  "pk": 41,
  "fields": {
    "recipe": 39,
    "quantity_ordered": 10,
    "date": "2023-11-15"
  }
},
{
  "model": "hotel.meallist",
  "pk": 42,
  "fields": {
    "recipe": 1,
    "quantity_ordered": 16,
    "date": "2023-10-24"
  }
},
{
  "model": "hotel.meallist",
  "pk": 43,
  "fields": {
    "recipe": 18,
    "quantity_ordered": 20,
    "date": "2023-10-28"
  }
},
{
  "model": "hotel.meallist",
  "pk": 44,
  "fields": {
    "recipe": 23,
    "quantity_ordered": 17,
    "date": "2023-10-30"
  }
},
{
  "model": "hotel.meallist",
  "pk": 45,
  "fields": {
    "recipe": 5,
    "quantity_ordered": 4,
    "date": "2023-11-09"
  }
},
{
  "model": "hotel.meallist",
  "pk": 46,
  "fields": {
    "recipe": 7,
    "quantity_ordered": 16,
    "date": "2023-10-22"
  }
},
{
  "model": "hotel.meallist",
  "pk": 47,
  "fields": {
    "recipe": 16,
    "quantity_ordered": 9,
    "date": "2023-11-18"
  }
},
{
  "model": "hotel.meallist",
  "pk": 48,
  "fields": {
    "recipe": 17,
    "quantity_ordered": 15,
    "date": "2023-10-23"
  }
},
{
  "model": "hotel.meallist",
  "pk": 49,
  "fields": {
    "recipe": 38,
    "quantity_ordered": 8,
    "date": "2023-10-29"
  }
},
{
  "model": "hotel.meallist",
  "pk": 50,
  "fields": {
    "recipe": 15,
    "quantity_ordered": 4,
    "date": "2023-11-08"
  }
},
{
  "model": "hotel.role",
  "pk": 1,
  "fields": {
    "role_name": "Manager",
    "base_salary": "132000.00"
  }
},
{
  "model": "hotel.role",
  "pk": 2,
  "fields": {
    "role_name": "Receptionist",
    "base_salary": "51000.00"
  }
},
{
  "model": "hotel.role",
  "pk": 3,
  "fields": {
    "role_name": "Chef",
    "base_salary": "52000.00"
  }
},
{
  "model": "hotel.role",
  "pk": 4,
  "fields": {
    "role_name": "Waiter",
    "base_salary": "123000.00"
  }
},
{
  "model": "hotel.role",
  "pk": 5,
  "fields": {
    "role_name": "Cleaner",
    "base_salary": "106000.00"
  }
},
{
  "model": "hotel.role",
  "pk": 6,
  "fields": {
    "role_name": "Security Guard",
    "base_salary": "53000.00"
  }
},
{
  "model": "hotel.role",
  "pk": 7,
  "fields": {
    "role_name": "Accountant",
    "base_salary": "88000.00"
  }
},
{
  "model": "hotel.employee",
  "pk": 1,
  "fields": {
    "role": 3,
    "first_name": "Diane",
    "last_name": "Fields",
    "phone_number": "2009677773",
    "email": "jennifercastillo@example.com",
    "hire_date": "2023-09-07"
  }
},
{
  "model": "hotel.employee",
  "pk": 2,
  "fields": {
    "role": 3,
    "first_name": "Kevin",
    "last_name": "Garcia",
    "phone_number": "6122082348",
    "email": "underwoodcassidy@example.org",
    "hire_date": "2023-10-26"
  }
},
{
  "model": "hotel.employee",
  "pk": 3,
  "fields": {
    "role": 6,
    "first_name": "Linda",
    "last_name": "Harper",
    "phone_number": "2483503650",
    "email": "diazaudrey@example.net",
    "hire_date": "2022-11-25"
  }
},
{
  "model": "hotel.employee",
  "pk": 4,
  "fields": {
    "role": 7,
    "first_name": "Sarah",
    "last_name": "Bullock",
    "phone_number": "7242154856",
    "email": "jasmine82@example.com",
    "hire_date": "2023-08-03"
  }
},
{
  "model": "hotel.employee",
  "pk": 5,
  "fields": {
    "role": 3,
    "first_name": "Rebecca",
    "last_name": "Rosario",
    "phone_number": "1612197311",
    "email": "snydersharon@example.com",
    "hire_date": "2023-08-13"
  }
},
{
  "model": "hotel.employee",
  "pk": 6,
  "fields": {
    "role": 3,
    "first_name": "Emily",
    "last_name": "Davis",
    "phone_number": "7950509305",
    "email": "teresa24@example.com",
    "hire_date": "2023-06-07"
  }
},
{
  "model": "hotel.employee",
  "pk": 7,
  "fields": {
    "role": 5,
    "first_name": "Michael",
    "last_name": "Morris",
    "phone_number": "5806855479",
    "email": "lbonilla@example.org",
    "hire_date": "2023-10-30"
  }
},
{
  "model": "hotel.employee",
  "pk": 8,
  "fields": {
    "role": 3,
    "first_name": "Elizabeth",
    "last_name": "Jenkins",
    "phone_number": "9281558742",
    "email": "joanne91@example.org",
    "hire_date": "2023-08-31"
  }
},
{
  "model": "hotel.employee",
  "pk": 9,
  "fields": {
    "role": 2,
    "first_name": "Mary",
    "last_name": "Davis",
    "phone_number": "2446802246",
    "email": "zrodriguez@example.net",
    "hire_date": "2023-03-09"
  }
},
{
  "model": "hotel.employee",
  "pk": 10,
  "fields": {
    "role": 1,
    "first_name": "Matthew",
    "last_name": "Matthews",
    "phone_number": "8518760603",
    "email": "karen84@example.org",
    "hire_date": "2023-07-16"
  }
},
{
  "model": "hotel.employee",
  "pk": 11,
  "fields": {
    "role": 4,
    "first_name": "Todd",
    "last_name": "Smith",
    "phone_number": "3382009991",
    "email": "zflowers@example.com",
    "hire_date": "2023-10-12"
  }
},
{
  "model": "hotel.employee",
  "pk": 12,
  "fields": {
    "role": 1,
    "first_name": "John",
    "last_name": "Hicks",
    "phone_number": "8349786375",
    "email": "elizabeth35@example.org",
    "hire_date": "2022-11-21"
  }
},
{
  "model": "hotel.employee",
  "pk": 13,
  "fields": {
    "role": 7,
    "first_name": "Holly",
    "last_name": "Patton",
    "phone_number": "7487661144",
    "email": "epayne@example.net",
    "hire_date": "2023-01-18"
  }
},
{
  "model": "hotel.employee",
  "pk": 14,
  "fields": {
    "role": 1,
    "first_name": "Laura",
    "last_name": "Turner",
    "phone_number": "1144907935",
    "email": "phartman@example.com",
    "hire_date": "2023-08-01"
  }
},
{
  "model": "hotel.employee",
  "pk": 15,
  "fields": {
    "role": 4,
    "first_name": "Kelly",
    "last_name": "Liu",
    "phone_number": "8872054855",
    "email": "contrerasmaria@example.org",
    "hire_date": "2023-05-05"
  }
},
{
  "model": "hotel.employee",
  "pk": 16,
  "fields": {
    "role": 4,
    "first_name": "Julie",
    "last_name": "Thompson",
    "phone_number": "8598886496",
    "email": "gilmorealyssa@example.com",
    "hire_date": "2023-04-04"
  }
},
{
  "model": "hotel.employee",
  "pk": 17,
  "fields": {
    "role": 4,
    "first_name": "Kathleen",
    "last_name": "Jackson",
    "phone_number": "4479137459",
    "email": "bobbybaker@example.com",
    "hire_date": "2023-08-22"
  }
},
{
  "model": "hotel.employee",
  "pk": 18,
  "fields": {
    "role": 2,
    "first_name": "Carly",
    "last_name": "Page",
    "phone_number": "6328222440",
    "email": "davidramos@example.com",
    "hire_date": "2023-09-17"
  }
},
{
  "model": "hotel.employee",
  "pk": 19,
  "fields": {
    "role": 4,
    "first_name": "Kyle",
    "last_name": "Thompson",
    "phone_number": "7657999158",
    "email": "ksmith@example.com",
    "hire_date": "2023-05-08"
  }
},
{
  "model": "hotel.employee",
  "pk": 20,
  "fields": {
    "role": 6,
    "first_name": "Laura",
    "last_name": "Hampton",
    "phone_number": "2468138707",
    "email": "david92@example.org",
    "hire_date": "2023-05-20"
  }
},
{
  "model": "hotel.employee",
  "pk": 21,
  "fields": {
    "role": 6,
    "first_name": "Alex",
    "last_name": "King",
    "phone_number": "2876186979",
    "email": "erica24@example.org",
    "hire_date": "2023-07-14"
  }
},
{
  "model": "hotel.employee",
  "pk": 22,
  "fields": {
    "role": 2,
    "first_name": "Michael",
    "last_name": "Robinson",
    "phone_number": "8939750007",
    "email": "luismartin@example.net",
    "hire_date": "2022-11-25"
  }
},
{
  "model": "hotel.employee",
  "pk": 23,
  "fields": {
    "role": 3,
    "first_name": "Kimberly",
    "last_name": "Roberts",
    "phone_number": "2277084847",
    "email": "stephaniecarr@example.org",
    "hire_date": "2023-07-13"
  }
},
{
  "model": "hotel.employee",
  "pk": 24,
  "fields": {
    "role": 2,
    "first_name": "Susan",
    "last_name": "Clark",
    "phone_number": "2016029356",
    "email": "fthompson@example.net",
    "hire_date": "2023-07-18"
  }
},
{
  "model": "hotel.employee",
  "pk": 25,
  "fields": {
    "role": 3,
    "first_name": "Sheila",
    "last_name": "House",
    "phone_number": "2957067579",
    "email": "robertbrown@example.com",
    "hire_date": "2023-01-26"
  }
},
{
  "model": "hotel.employee",
  "pk": 26,
  "fields": {
    "role": 4,
    "first_name": "Jesse",
    "last_name": "Owen",
    "phone_number": "6396002339",
    "email": "jessica70@example.org",
    "hire_date": "2023-09-07"
  }
},
{
  "model": "hotel.employee",
  "pk": 27,
  "fields": {
    "role": 7,
    "first_name": "Christine",
    "last_name": "Duarte",
    "phone_number": "2207378510",
    "email": "tgallagher@example.org",
    "hire_date": "2023-06-20"
  }
},
{
  "model": "hotel.employee",
  "pk": 28,
  "fields": {
    "role": 3,
    "first_name": "Daniel",
    "last_name": "Nelson",
    "phone_number": "4948028955",
    "email": "vasquezscott@example.com",
    "hire_date": "2023-09-14"
  }
},
{
  "model": "hotel.employee",
  "pk": 29,
  "fields": {
    "role": 2,
    "first_name": "Joseph",
    "last_name": "Smith",
    "phone_number": "6775569121",
    "email": "taylor99@example.net",
    "hire_date": "2023-03-31"
  }
},
{
  "model": "hotel.employee",
  "pk": 30,
  "fields": {
    "role": 2,
    "first_name": "Adam",
    "last_name": "Thompson",
    "phone_number": "3051253158",
    "email": "cooktheresa@example.com",
    "hire_date": "2023-07-02"
  }
},
{
  "model": "hotel.employee",
  "pk": 31,
  "fields": {
    "role": 1,
    "first_name": "Timothy",
    "last_name": "Roberts",
    "phone_number": "3833091398",
    "email": "smithscott@example.org",
    "hire_date": "2023-09-08"
  }
},
{
  "model": "hotel.employee",
  "pk": 32,
  "fields": {
    "role": 6,
    "first_name": "Kurt",
    "last_name": "Allen",
    "phone_number": "2586694711",
    "email": "andrew10@example.com",
    "hire_date": "2023-08-27"
  }
},
{
  "model": "hotel.employee",
  "pk": 33,
  "fields": {
    "role": 4,
    "first_name": "Elizabeth",
    "last_name": "Gates",
    "phone_number": "1772353581",
    "email": "zmeyer@example.org",
    "hire_date": "2023-06-05"
  }
},
{
  "model": "hotel.employee",
  "pk": 34,
  "fields": {
    "role": 1,
    "first_name": "Valerie",
    "last_name": "Hansen",
    "phone_number": "8672954565",
    "email": "williamsjessica@example.com",
    "hire_date": "2023-03-09"
  }
},
{
  "model": "hotel.employee",
  "pk": 35,
  "fields": {
    "role": 3,
    "first_name": "Gabriel",
    "last_name": "Brown",
    "phone_number": "3093031900",
    "email": "bestdavid@example.org",
    "hire_date": "2023-06-06"
  }
},
{
  "model": "hotel.employee",
  "pk": 36,
  "fields": {
    "role": 7,
    "first_name": "Sandra",
    "last_name": "Macdonald",
    "phone_number": "4825345775",
    "email": "perezkimberly@example.net",
    "hire_date": "2023-08-15"
  }
},
{
  "model": "hotel.employee",
  "pk": 37,
  "fields": {
    "role": 5,
    "first_name": "Wendy",
    "last_name": "Schroeder",
    "phone_number": "1965979171",
    "email": "kurt93@example.com",
    "hire_date": "2023-03-04"
  }
},
{
  "model": "hotel.employee",
  "pk": 38,
  "fields": {
    "role": 3,
    "first_name": "Andrew",
    "last_name": "Montgomery",
    "phone_number": "4066122759",
    "email": "nwright@example.com",
    "hire_date": "2023-05-01"
  }
},
{
  "model": "hotel.employee",
  "pk": 39,
  "fields": {
    "role": 7,
    "first_name": "Christopher",
    "last_name": "Bell",
    "phone_number": "8630763806",
    "email": "tbarnes@example.com",
    "hire_date": "2023-09-08"
  }
},
{
  "model": "hotel.employee",
  "pk": 40,
  "fields": {
    "role": 3,
    "first_name": "Julie",
    "last_name": "Wiley",
    "phone_number": "4475621010",
    "email": "nicholsonmelissa@example.com",
    "hire_date": "2023-09-27"
  }
},
{
  "model": "hotel.employee",
  "pk": 41,
  "fields": {
    "role": 2,
    "first_name": "Zachary",
    "last_name": "Stanton",
    "phone_number": "9423358581",
    "email": "parkermonique@example.com",
    "hire_date": "2023-06-12"
  }
},
{
  "model": "hotel.employee",
  "pk": 42,
  "fields": {
    "role": 2,
    "first_name": "Benjamin",
    "last_name": "Douglas",
    "phone_number": "5790322767",
    "email": "jason79@example.org",
    "hire_date": "2023-07-09"
  }
},
{
  "model": "hotel.employee",
  "pk": 43,
  "fields": {
    "role": 2,
    "first_name": "Kelly",
    "last_name": "Black",
    "phone_number": "4135145634",
    "email": "greenlauren@example.org",
    "hire_date": "2023-05-06"
  }
},
{
  "model": "hotel.employee",
  "pk": 44,
  "fields": {
    "role": 1,
    "first_name": "Annette",
    "last_name": "Gregory",
    "phone_number": "4607227943",
    "email": "samantha34@example.net",
    "hire_date": "2022-12-24"
  }
},
{
  "model": "hotel.employee",
  "pk": 45,
  "fields": {
    "role": 2,
    "first_name": "Virginia",
    "last_name": "Espinoza",
    "phone_number": "1096097210",
    "email": "riveraleah@example.net",
    "hire_date": "2023-05-01"
  }
},
{
  "model": "hotel.employee",
  "pk": 46,
  "fields": {
    "role": 1,
    "first_name": "Michael",
    "last_name": "Bradley",
    "phone_number": "9072732086",
    "email": "sarah17@example.com",
    "hire_date": "2023-03-07"
  }
},
{
  "model": "hotel.employee",
  "pk": 47,
  "fields": {
    "role": 7,
    "first_name": "Rodney",
    "last_name": "Butler",
    "phone_number": "3225317407",
    "email": "matthewscott@example.org",
    "hire_date": "2023-01-11"
  }
},
{
  "model": "hotel.employee",
  "pk": 48,
  "fields": {
    "role": 2,
    "first_name": "Tara",
    "last_name": "Larson",
    "phone_number": "4055018387",
    "email": "timothypierce@example.org",
    "hire_date": "2023-11-17"
  }
},
{
  "model": "hotel.employee",
  "pk": 49,
  "fields": {
    "role": 6,
    "first_name": "Alicia",
    "last_name": "Castro",
    "phone_number": "8849799510",
    "email": "bradshawemily@example.net",
    "hire_date": "2023-04-25"
  }
},
{
  "model": "hotel.employee",
  "pk": 50,
  "fields": {
    "role": 1,
    "first_name": "Gregory",
    "last_name": "Wade",
    "phone_number": "5658373582",
    "email": "williamssara@example.net",
    "hire_date": "2023-06-03"
  }
}
]
