[
{
  "model": "hotel.customer",
  "pk": 1,
  "fields": {
    "first_name": "Cindy",
    "last_name": "Bond",
    "phone_number": "8626537147",
    "email": "melissa41@example.com",
    "checkin_time": "2023-11-09T22:56:05.819Z",
    "checkout_time": "2023-11-16T22:56:05.819Z"
  }
},
{
  "model": "hotel.customer",
  "pk": 2,
  "fields": {
    "first_name": "Julie",
    "last_name": "Alexander",
    "phone_number": "5116303804",
    "email": "kellyfranklin@example.org",
    "checkin_time": "2023-11-01T00:15:38.992Z",
    "checkout_time": "2023-11-06T00:15:38.992Z"
  }
},
{
  "model": "hotel.customer",
  "pk": 3,
  "fields": {
    "first_name": "Gavin",
    "last_name": "Hunter",
    "phone_number": "9354366105",
    "email": "walshmaria@example.com",
    "checkin_time": "2023-11-02T18:07:16.245Z",
    "checkout_time": "2023-11-08T18:07:16.245Z"
  }
},
{
  "model": "hotel.customer",
  "pk": 4,
  "fields": {
    "first_name": "Kristina",
    "last_name": "Boyd",
    "phone_number": "4629059414",
    "email": "ashleyalvarez@example.net",
    "checkin_time": "2023-10-29T23:32:00.172Z",
    "checkout_time": "2023-11-05T23:32:00.172Z"
  }
},
{
  "model": "hotel.customer",
  "pk": 5,
  "fields": {
    "first_name": "Joseph",
    "last_name": "Diaz",
    "phone_number": "8175615822",
    "email": "david59@example.net",
    "checkin_time": "2023-11-09T13:45:17.243Z",
    "checkout_time": "2023-11-16T13:45:17.243Z"
  }
},
{
  "model": "hotel.customer",
  "pk": 6,
  "fields": {
    "first_name": "Alexandra",
    "last_name": "Collier",
    "phone_number": "4151921532",
    "email": "uwalker@example.net",
    "checkin_time": "2023-11-13T22:42:08.098Z",
    "checkout_time": "2023-11-18T22:42:08.098Z"
  }
},
{
  "model": "hotel.customer",
  "pk": 7,
  "fields": {
    "first_name": "Lisa",
    "last_name": "Scott",
    "phone_number": "7447720422",
    "email": "ashleyangela@example.com",
    "checkin_time": "2023-11-16T09:22:25.319Z",
    "checkout_time": "2023-11-18T09:22:25.319Z"
  }
},
{
  "model": "hotel.customer",
  "pk": 8,
  "fields": {
    "first_name": "Jesse",
    "last_name": "Gallegos",
    "phone_number": "6089073494",
    "email": "adam31@example.org",
    "checkin_time": "2023-11-19T03:05:46.313Z",
    "checkout_time": "2023-11-25T03:05:46.313Z"
  }
},
{
  "model": "hotel.customer",
  "pk": 9,
  "fields": {
    "first_name": "Scott",
    "last_name": "Davis",
    "phone_number": "6487357206",
    "email": "staceychavez@example.net",
    "checkin_time": "2023-11-05T16:54:15.044Z",
    "checkout_time": "2023-11-08T16:54:15.044Z"
  }
},
{
  "model": "hotel.customer",
  "pk": 10,
  "fields": {
    "first_name": "Mary",
    "last_name": "Smith",
    "phone_number": "9073915983",
    "email": "hflores@example.net",
    "checkin_time": "2023-11-07T16:11:21.315Z",
    "checkout_time": "2023-11-08T16:11:21.315Z"
  }
},
{
  "model": "hotel.customer",
  "pk": 11,
  "fields": {
    "first_name": "Justin",
    "last_name": "Hooper",
    "phone_number": "4422800875",
    "email": "sowens@example.com",
    "checkin_time": "2023-11-10T06:12:43.535Z",
    "checkout_time": "2023-11-15T06:12:43.535Z"
  }
},
{
  "model": "hotel.customer",
  "pk": 12,
  "fields": {
    "first_name": "Carolyn",
    "last_name": "Campbell",
    "phone_number": "1785315060",
    "email": "sgalvan@example.org",
    "checkin_time": "2023-11-06T01:42:24.276Z",
    "checkout_time": "2023-11-09T01:42:24.276Z"
  }
},
{
  "model": "hotel.customer",
  "pk": 13,
  "fields": {
    "first_name": "Kimberly",
    "last_name": "Valdez",
    "phone_number": "1177986478",
    "email": "mary95@example.net",
    "checkin_time": "2023-11-01T13:49:58.806Z",
    "checkout_time": "2023-11-06T13:49:58.806Z"
  }
},
{
  "model": "hotel.customer",
  "pk": 14,
  "fields": {
    "first_name": "Michelle",
    "last_name": "Contreras",
    "phone_number": "6316560167",
    "email": "eric07@example.net",
    "checkin_time": "2023-11-11T11:24:52.477Z",
    "checkout_time": "2023-11-18T11:24:52.477Z"
  }
},
{
  "model": "hotel.customer",
  "pk": 15,
  "fields": {
    "first_name": "Jacob",
    "last_name": "Bishop",
    "phone_number": "6930819816",
    "email": "morrowangel@example.org",
    "checkin_time": "2023-10-31T09:25:05.649Z",
    "checkout_time": "2023-11-01T09:25:05.649Z"
  }
},
{
  "model": "hotel.customer",
  "pk": 16,
  "fields": {
    "first_name": "Willie",
    "last_name": "Davis",
    "phone_number": "3571405584",
    "email": "kmyers@example.net",
    "checkin_time": "2023-10-25T22:24:09.688Z",
    "checkout_time": "2023-10-30T22:24:09.688Z"
  }
},
{
  "model": "hotel.customer",
  "pk": 17,
  "fields": {
    "first_name": "Mark",
    "last_name": "Haynes",
    "phone_number": "1887613364",
    "email": "patricia13@example.com",
    "checkin_time": "2023-11-11T15:32:51.100Z",
    "checkout_time": "2023-11-13T15:32:51.100Z"
  }
},
{
  "model": "hotel.customer",
  "pk": 18,
  "fields": {
    "first_name": "James",
    "last_name": "Clayton",
    "phone_number": "7093492098",
    "email": "timothy66@example.net",
    "checkin_time": "2023-10-26T14:36:48.204Z",
    "checkout_time": "2023-10-30T14:36:48.204Z"
  }
},
{
  "model": "hotel.customer",
  "pk": 19,
  "fields": {
    "first_name": "Erica",
    "last_name": "Ingram",
    "phone_number": "4334426693",
    "email": "abbottdavid@example.net",
    "checkin_time": "2023-11-07T19:31:09.961Z",
    "checkout_time": "2023-11-13T19:31:09.961Z"
  }
},
{
  "model": "hotel.customer",
  "pk": 20,
  "fields": {
    "first_name": "Chad",
    "last_name": "Walters",
    "phone_number": "8812932972",
    "email": "sherry66@example.org",
    "checkin_time": "2023-10-31T14:59:13.842Z",
    "checkout_time": "2023-11-01T14:59:13.842Z"
  }
},
{
  "model": "hotel.customer",
  "pk": 21,
  "fields": {
    "first_name": "Kristopher",
    "last_name": "Swanson",
    "phone_number": "9262254800",
    "email": "ddavis@example.org",
    "checkin_time": "2023-11-06T06:10:34.723Z",
    "checkout_time": "2023-11-11T06:10:34.723Z"
  }
},
{
  "model": "hotel.customer",
  "pk": 22,
  "fields": {
    "first_name": "Bernard",
    "last_name": "Brown",
    "phone_number": "5269599869",
    "email": "beardjennifer@example.net",
    "checkin_time": "2023-10-29T15:31:07.961Z",
    "checkout_time": "2023-10-31T15:31:07.961Z"
  }
},
{
  "model": "hotel.customer",
  "pk": 23,
  "fields": {
    "first_name": "Curtis",
    "last_name": "Beasley",
    "phone_number": "2364304544",
    "email": "uking@example.com",
    "checkin_time": "2023-10-23T14:34:21.891Z",
    "checkout_time": "2023-10-30T14:34:21.891Z"
  }
},
{
  "model": "hotel.customer",
  "pk": 24,
  "fields": {
    "first_name": "Susan",
    "last_name": "Freeman",
    "phone_number": "6741719189",
    "email": "geneking@example.com",
    "checkin_time": "2023-10-27T06:12:38.355Z",
    "checkout_time": "2023-11-01T06:12:38.355Z"
  }
},
{
  "model": "hotel.customer",
  "pk": 25,
  "fields": {
    "first_name": "William",
    "last_name": "Wilcox",
    "phone_number": "1426769567",
    "email": "yrodriguez@example.org",
    "checkin_time": "2023-11-12T22:50:42.668Z",
    "checkout_time": "2023-11-19T22:50:42.668Z"
  }
},
{
  "model": "hotel.customer",
  "pk": 26,
  "fields": {
    "first_name": "Krista",
    "last_name": "Baird",
    "phone_number": "4558375568",
    "email": "brenda36@example.net",
    "checkin_time": "2023-11-02T15:20:43.282Z",
    "checkout_time": "2023-11-09T15:20:43.282Z"
  }
},
{
  "model": "hotel.customer",
  "pk": 27,
  "fields": {
    "first_name": "Mark",
    "last_name": "Cervantes",
    "phone_number": "9984919152",
    "email": "esullivan@example.org",
    "checkin_time": "2023-11-07T01:52:16.318Z",
    "checkout_time": "2023-11-08T01:52:16.318Z"
  }
},
{
  "model": "hotel.customer",
  "pk": 28,
  "fields": {
    "first_name": "Megan",
    "last_name": "Adams",
    "phone_number": "1160043530",
    "email": "thomasstephen@example.com",
    "checkin_time": "2023-11-18T22:45:31.062Z",
    "checkout_time": "2023-11-22T22:45:31.062Z"
  }
},
{
  "model": "hotel.customer",
  "pk": 29,
  "fields": {
    "first_name": "Brent",
    "last_name": "Love",
    "phone_number": "4140350387",
    "email": "jose92@example.com",
    "checkin_time": "2023-10-25T14:06:14.433Z",
    "checkout_time": "2023-10-31T14:06:14.433Z"
  }
},
{
  "model": "hotel.customer",
  "pk": 30,
  "fields": {
    "first_name": "Victor",
    "last_name": "Peterson",
    "phone_number": "9808167013",
    "email": "ashley20@example.org",
    "checkin_time": "2023-11-10T09:59:41.363Z",
    "checkout_time": "2023-11-14T09:59:41.363Z"
  }
},
{
  "model": "hotel.customer",
  "pk": 31,
  "fields": {
    "first_name": "Brittany",
    "last_name": "Benitez",
    "phone_number": "1252399644",
    "email": "lukeoconnor@example.com",
    "checkin_time": "2023-10-24T02:29:51.862Z",
    "checkout_time": "2023-10-25T02:29:51.862Z"
  }
},
{
  "model": "hotel.customer",
  "pk": 32,
  "fields": {
    "first_name": "Benjamin",
    "last_name": "Case",
    "phone_number": "3165336581",
    "email": "perezjoel@example.com",
    "checkin_time": "2023-10-30T18:15:30.791Z",
    "checkout_time": "2023-11-06T18:15:30.791Z"
  }
},
{
  "model": "hotel.customer",
  "pk": 33,
  "fields": {
    "first_name": "Erica",
    "last_name": "Mendoza",
    "phone_number": "7882794676",
    "email": "laurabates@example.net",
    "checkin_time": "2023-11-17T02:46:40.140Z",
    "checkout_time": "2023-11-23T02:46:40.140Z"
  }
},
{
  "model": "hotel.customer",
  "pk": 34,
  "fields": {
    "first_name": "Wanda",
    "last_name": "Jones",
    "phone_number": "4615704073",
    "email": "lucasdaniel@example.com",
    "checkin_time": "2023-11-02T11:46:10.259Z",
    "checkout_time": "2023-11-07T11:46:10.259Z"
  }
},
{
  "model": "hotel.customer",
  "pk": 35,
  "fields": {
    "first_name": "Thomas",
    "last_name": "Moore",
    "phone_number": "5242832538",
    "email": "deangarrett@example.org",
    "checkin_time": "2023-11-19T04:12:46.353Z",
    "checkout_time": "2023-11-23T04:12:46.353Z"
  }
},
{
  "model": "hotel.customer",
  "pk": 36,
  "fields": {
    "first_name": "Rebecca",
    "last_name": "Johnson",
    "phone_number": "8933390108",
    "email": "lauraalexander@example.org",
    "checkin_time": "2023-11-12T11:54:05.184Z",
    "checkout_time": "2023-11-13T11:54:05.184Z"
  }
},
{
  "model": "hotel.customer",
  "pk": 37,
  "fields": {
    "first_name": "Michelle",
    "last_name": "Thornton",
    "phone_number": "4479188802",
    "email": "abigail59@example.net",
    "checkin_time": "2023-11-11T19:03:15.884Z",
    "checkout_time": "2023-11-16T19:03:15.884Z"
  }
},
{
  "model": "hotel.customer",
  "pk": 38,
  "fields": {
    "first_name": "Christine",
    "last_name": "Green",
    "phone_number": "7599419817",
    "email": "josephstanley@example.net",
    "checkin_time": "2023-11-09T19:24:42.345Z",
    "checkout_time": "2023-11-10T19:24:42.345Z"
  }
},
{
  "model": "hotel.customer",
  "pk": 39,
  "fields": {
    "first_name": "Javier",
    "last_name": "Lane",
    "phone_number": "3383017933",
    "email": "steven95@example.com",
    "checkin_time": "2023-11-13T19:43:39.317Z",
    "checkout_time": "2023-11-14T19:43:39.317Z"
  }
},
{
  "model": "hotel.customer",
  "pk": 40,
  "fields": {
    "first_name": "Stacey",
    "last_name": "Williams",
    "phone_number": "6060381569",
    "email": "randyscott@example.net",
    "checkin_time": "2023-11-05T03:20:31.413Z",
    "checkout_time": "2023-11-07T03:20:31.413Z"
  }
},
{
  "model": "hotel.customer",
  "pk": 41,
  "fields": {
    "first_name": "Barbara",
    "last_name": "Eaton",
    "phone_number": "4251325429",
    "email": "bbauer@example.net",
    "checkin_time": "2023-11-12T17:04:29.941Z",
    "checkout_time": "2023-11-17T17:04:29.941Z"
  }
},
{
  "model": "hotel.customer",
  "pk": 42,
  "fields": {
    "first_name": "Jessica",
    "last_name": "Howard",
    "phone_number": "6774401347",
    "email": "emily23@example.com",
    "checkin_time": "2023-11-14T08:29:06.681Z",
    "checkout_time": "2023-11-20T08:29:06.681Z"
  }
},
{
  "model": "hotel.customer",
  "pk": 43,
  "fields": {
    "first_name": "James",
    "last_name": "Rivas",
    "phone_number": "9068647743",
    "email": "caldwellmichele@example.com",
    "checkin_time": "2023-10-24T04:31:12.894Z",
    "checkout_time": "2023-10-31T04:31:12.894Z"
  }
},
{
  "model": "hotel.customer",
  "pk": 44,
  "fields": {
    "first_name": "Lawrence",
    "last_name": "Johnson",
    "phone_number": "6818705330",
    "email": "charles33@example.org",
    "checkin_time": "2023-11-17T10:28:19.299Z",
    "checkout_time": "2023-11-20T10:28:19.299Z"
  }
},
{
  "model": "hotel.customer",
  "pk": 45,
  "fields": {
    "first_name": "Elaine",
    "last_name": "Owens",
    "phone_number": "7464661652",
    "email": "diazalan@example.net",
    "checkin_time": "2023-11-13T19:54:11.862Z",
    "checkout_time": "2023-11-18T19:54:11.862Z"
  }
},
{
  "model": "hotel.customer",
  "pk": 46,
  "fields": {
    "first_name": "Erika",
    "last_name": "Woods",
    "phone_number": "1732352076",
    "email": "thomas24@example.net",
    "checkin_time": "2023-10-23T23:42:57.594Z",
    "checkout_time": "2023-10-26T23:42:57.594Z"
  }
},
{
  "model": "hotel.customer",
  "pk": 47,
  "fields": {
    "first_name": "Carlos",
    "last_name": "Carrillo",
    "phone_number": "5601066263",
    "email": "bettykey@example.org",
    "checkin_time": "2023-11-04T02:25:57.349Z",
    "checkout_time": "2023-11-11T02:25:57.349Z"
  }
},
{
  "model": "hotel.customer",
  "pk": 48,
  "fields": {
    "first_name": "Steven",
    "last_name": "Fuller",
    "phone_number": "6982348958",
    "email": "yanderson@example.com",
    "checkin_time": "2023-11-14T14:17:20.334Z",
    "checkout_time": "2023-11-20T14:17:20.334Z"
  }
},
{
  "model": "hotel.customer",
  "pk": 49,
  "fields": {
    "first_name": "Melissa",
    "last_name": "Miller",
    "phone_number": "9542127157",
    "email": "xphillips@example.com",
    "checkin_time": "2023-11-02T01:34:33.315Z",
    "checkout_time": "2023-11-09T01:34:33.315Z"
  }
},
{
  "model": "hotel.customer",
  "pk": 50,
  "fields": {
    "first_name": "James",
    "last_name": "Griffin",
    "phone_number": "8508255069",
    "email": "tiffany57@example.com",
    "checkin_time": "2023-11-02T05:48:50.133Z",
    "checkout_time": "2023-11-04T05:48:50.133Z"
  }
},
{
  "model": "hotel.payment",
  "pk": 1,
  "fields": {
    "amount": "1000.00",
    "money_type": "credit",
    "transaction_type": "income",
    "description": "Payment for goods",
    "timestamp": "2023-11-20T16:31:14.331Z"
  }
},
{
  "model": "hotel.payment",
  "pk": 2,
  "fields": {
    "amount": "500.00",
    "money_type": "debit",
    "transaction_type": "outcome",
    "description": "Refund",
    "timestamp": "2023-11-20T16:31:14.331Z"
  }
},
{
  "model": "hotel.payment",
  "pk": 3,
  "fields": {
    "amount": "2000.00",
    "money_type": "credit",
    "transaction_type": "income",
    "description": "Online purchase",
    "timestamp": "2023-11-20T16:31:14.331Z"
  }
},
{
  "model": "hotel.payment",
  "pk": 4,
  "fields": {
    "amount": "400.00",
    "money_type": "debit",
    "transaction_type": "outcome",
    "description": "Subscription renewal",
    "timestamp": "2023-11-20T16:31:14.331Z"
  }
},
{
  "model": "hotel.payment",
  "pk": 5,
  "fields": {
    "amount": "1500.00",
    "money_type": "credit",
    "transaction_type": "income",
    "description": "Service payment",
    "timestamp": "2023-11-20T16:31:14.331Z"
  }
},
{
  "model": "hotel.payment",
  "pk": 6,
  "fields": {
    "amount": "1000.00",
    "money_type": "debit",
    "transaction_type": "outcome",
    "description": "Book purchase",
    "timestamp": "2023-11-20T16:31:14.331Z"
  }
},
{
  "model": "hotel.payment",
  "pk": 7,
  "fields": {
    "amount": "6000.00",
    "money_type": "credit",
    "transaction_type": "income",
    "description": "Restaurant bill",
    "timestamp": "2023-11-20T16:31:14.331Z"
  }
},
{
  "model": "hotel.payment",
  "pk": 8,
  "fields": {
    "amount": "2500.00",
    "money_type": "debit",
    "transaction_type": "outcome",
    "description": "Movie ticket",
    "timestamp": "2023-11-20T16:31:14.331Z"
  }
},
{
  "model": "hotel.payment",
  "pk": 9,
  "fields": {
    "amount": "9000.00",
    "money_type": "credit",
    "transaction_type": "income",
    "description": "Travel expense",
    "timestamp": "2023-11-20T16:31:14.331Z"
  }
},
{
  "model": "hotel.payment",
  "pk": 10,
  "fields": {
    "amount": "1700.00",
    "money_type": "debit",
    "transaction_type": "outcome",
    "description": "Coffee shop",
    "timestamp": "2023-11-20T16:31:14.331Z"
  }
},
{
  "model": "hotel.payment",
  "pk": 11,
  "fields": {
    "amount": "2000.00",
    "money_type": "credit",
    "transaction_type": "income",
    "description": "Product purchase",
    "timestamp": "2023-11-20T16:31:14.331Z"
  }
},
{
  "model": "hotel.facility",
  "pk": 1,
  "fields": {
    "name": "Swimming Pool",
    "cost_per_hour": 200
  }
},
{
  "model": "hotel.facility",
  "pk": 2,
  "fields": {
    "name": "Gym",
    "cost_per_hour": 150
  }
},
{
  "model": "hotel.facility",
  "pk": 3,
  "fields": {
    "name": "Spa",
    "cost_per_hour": 300
  }
},
{
  "model": "hotel.facility",
  "pk": 4,
  "fields": {
    "name": "Conference Room",
    "cost_per_hour": 5000
  }
},
{
  "model": "hotel.facility",
  "pk": 5,
  "fields": {
    "name": "Parking",
    "cost_per_hour": 50
  }
},
{
  "model": "hotel.facility",
  "pk": 6,
  "fields": {
    "name": "Lounge Area",
    "cost_per_hour": 200
  }
},
{
  "model": "hotel.facility",
  "pk": 7,
  "fields": {
    "name": "Tennis Court",
    "cost_per_hour": 150
  }
},
{
  "model": "hotel.facility",
  "pk": 8,
  "fields": {
    "name": "Game Room",
    "cost_per_hour": 70
  }
},
{
  "model": "hotel.facility",
  "pk": 9,
  "fields": {
    "name": "Library",
    "cost_per_hour": 50
  }
},
{
  "model": "hotel.facility",
  "pk": 10,
  "fields": {
    "name": "Karaoke Room",
    "cost_per_hour": 120
  }
},
{
  "model": "hotel.room",
  "pk": 1,
  "fields": {
    "floor": 6,
    "room_type": "Single",
    "room_price": 1000,
    "accommodates": 1,
    "is_available": true
  }
},
{
  "model": "hotel.room",
  "pk": 2,
  "fields": {
    "floor": 6,
    "room_type": "Single",
    "room_price": 1000,
    "accommodates": 1,
    "is_available": true
  }
},
{
  "model": "hotel.room",
  "pk": 3,
  "fields": {
    "floor": 10,
    "room_type": "Single",
    "room_price": 1000,
    "accommodates": 1,
    "is_available": false
  }
},
{
  "model": "hotel.room",
  "pk": 4,
  "fields": {
    "floor": 1,
    "room_type": "Single",
    "room_price": 1000,
    "accommodates": 1,
    "is_available": false
  }
},
{
  "model": "hotel.room",
  "pk": 5,
  "fields": {
    "floor": 8,
    "room_type": "Single",
    "room_price": 1000,
    "accommodates": 1,
    "is_available": true
  }
},
{
  "model": "hotel.room",
  "pk": 6,
  "fields": {
    "floor": 8,
    "room_type": "Single",
    "room_price": 1000,
    "accommodates": 1,
    "is_available": false
  }
},
{
  "model": "hotel.room",
  "pk": 7,
  "fields": {
    "floor": 5,
    "room_type": "Single",
    "room_price": 1000,
    "accommodates": 1,
    "is_available": true
  }
},
{
  "model": "hotel.room",
  "pk": 8,
  "fields": {
    "floor": 7,
    "room_type": "Single",
    "room_price": 1000,
    "accommodates": 1,
    "is_available": false
  }
},
{
  "model": "hotel.room",
  "pk": 9,
  "fields": {
    "floor": 6,
    "room_type": "Single",
    "room_price": 1000,
    "accommodates": 1,
    "is_available": true
  }
},
{
  "model": "hotel.room",
  "pk": 10,
  "fields": {
    "floor": 6,
    "room_type": "Single",
    "room_price": 1000,
    "accommodates": 1,
    "is_available": true
  }
},
{
  "model": "hotel.room",
  "pk": 11,
  "fields": {
    "floor": 8,
    "room_type": "Single",
    "room_price": 1000,
    "accommodates": 1,
    "is_available": true
  }
},
{
  "model": "hotel.room",
  "pk": 12,
  "fields": {
    "floor": 10,
    "room_type": "Single",
    "room_price": 1000,
    "accommodates": 1,
    "is_available": false
  }
},
{
  "model": "hotel.room",
  "pk": 13,
  "fields": {
    "floor": 6,
    "room_type": "Single",
    "room_price": 1000,
    "accommodates": 1,
    "is_available": false
  }
},
{
  "model": "hotel.room",
  "pk": 14,
  "fields": {
    "floor": 5,
    "room_type": "Single",
    "room_price": 1000,
    "accommodates": 1,
    "is_available": true
  }
},
{
  "model": "hotel.room",
  "pk": 15,
  "fields": {
    "floor": 9,
    "room_type": "Single",
    "room_price": 1000,
    "accommodates": 1,
    "is_available": true
  }
},
{
  "model": "hotel.room",
  "pk": 16,
  "fields": {
    "floor": 5,
    "room_type": "Single",
    "room_price": 1000,
    "accommodates": 1,
    "is_available": false
  }
},
{
  "model": "hotel.room",
  "pk": 17,
  "fields": {
    "floor": 4,
    "room_type": "Single",
    "room_price": 1000,
    "accommodates": 1,
    "is_available": false
  }
},
{
  "model": "hotel.room",
  "pk": 18,
  "fields": {
    "floor": 2,
    "room_type": "Single",
    "room_price": 1000,
    "accommodates": 1,
    "is_available": false
  }
},
{
  "model": "hotel.room",
  "pk": 19,
  "fields": {
    "floor": 10,
    "room_type": "Single",
    "room_price": 1000,
    "accommodates": 1,
    "is_available": true
  }
},
{
  "model": "hotel.room",
  "pk": 20,
  "fields": {
    "floor": 1,
    "room_type": "Single",
    "room_price": 1000,
    "accommodates": 1,
    "is_available": true
  }
},
{
  "model": "hotel.room",
  "pk": 21,
  "fields": {
    "floor": 3,
    "room_type": "Single",
    "room_price": 1000,
    "accommodates": 1,
    "is_available": true
  }
},
{
  "model": "hotel.room",
  "pk": 22,
  "fields": {
    "floor": 5,
    "room_type": "Single",
    "room_price": 1000,
    "accommodates": 1,
    "is_available": false
  }
},
{
  "model": "hotel.room",
  "pk": 23,
  "fields": {
    "floor": 3,
    "room_type": "Single",
    "room_price": 1000,
    "accommodates": 1,
    "is_available": true
  }
},
{
  "model": "hotel.room",
  "pk": 24,
  "fields": {
    "floor": 10,
    "room_type": "Single",
    "room_price": 1000,
    "accommodates": 1,
    "is_available": true
  }
},
{
  "model": "hotel.room",
  "pk": 25,
  "fields": {
    "floor": 8,
    "room_type": "Single",
    "room_price": 1000,
    "accommodates": 1,
    "is_available": true
  }
},
{
  "model": "hotel.room",
  "pk": 26,
  "fields": {
    "floor": 8,
    "room_type": "Single",
    "room_price": 1000,
    "accommodates": 1,
    "is_available": true
  }
},
{
  "model": "hotel.room",
  "pk": 27,
  "fields": {
    "floor": 7,
    "room_type": "Single",
    "room_price": 1000,
    "accommodates": 1,
    "is_available": true
  }
},
{
  "model": "hotel.room",
  "pk": 28,
  "fields": {
    "floor": 8,
    "room_type": "Single",
    "room_price": 1000,
    "accommodates": 1,
    "is_available": true
  }
},
{
  "model": "hotel.room",
  "pk": 29,
  "fields": {
    "floor": 10,
    "room_type": "Single",
    "room_price": 1000,
    "accommodates": 1,
    "is_available": true
  }
},
{
  "model": "hotel.room",
  "pk": 30,
  "fields": {
    "floor": 4,
    "room_type": "Single",
    "room_price": 1000,
    "accommodates": 1,
    "is_available": false
  }
},
{
  "model": "hotel.room",
  "pk": 31,
  "fields": {
    "floor": 5,
    "room_type": "Single",
    "room_price": 1000,
    "accommodates": 1,
    "is_available": false
  }
},
{
  "model": "hotel.room",
  "pk": 32,
  "fields": {
    "floor": 10,
    "room_type": "Single",
    "room_price": 1000,
    "accommodates": 1,
    "is_available": false
  }
},
{
  "model": "hotel.room",
  "pk": 33,
  "fields": {
    "floor": 8,
    "room_type": "Single",
    "room_price": 1000,
    "accommodates": 1,
    "is_available": true
  }
},
{
  "model": "hotel.room",
  "pk": 34,
  "fields": {
    "floor": 8,
    "room_type": "Single",
    "room_price": 1000,
    "accommodates": 1,
    "is_available": false
  }
},
{
  "model": "hotel.room",
  "pk": 35,
  "fields": {
    "floor": 9,
    "room_type": "Single",
    "room_price": 1000,
    "accommodates": 1,
    "is_available": true
  }
},
{
  "model": "hotel.room",
  "pk": 36,
  "fields": {
    "floor": 6,
    "room_type": "Single",
    "room_price": 1000,
    "accommodates": 1,
    "is_available": true
  }
},
{
  "model": "hotel.room",
  "pk": 37,
  "fields": {
    "floor": 6,
    "room_type": "Single",
    "room_price": 1000,
    "accommodates": 1,
    "is_available": false
  }
},
{
  "model": "hotel.room",
  "pk": 38,
  "fields": {
    "floor": 9,
    "room_type": "Single",
    "room_price": 1000,
    "accommodates": 1,
    "is_available": true
  }
},
{
  "model": "hotel.room",
  "pk": 39,
  "fields": {
    "floor": 1,
    "room_type": "Single",
    "room_price": 1000,
    "accommodates": 1,
    "is_available": true
  }
},
{
  "model": "hotel.room",
  "pk": 40,
  "fields": {
    "floor": 4,
    "room_type": "Single",
    "room_price": 1000,
    "accommodates": 1,
    "is_available": false
  }
},
{
  "model": "hotel.room",
  "pk": 41,
  "fields": {
    "floor": 5,
    "room_type": "Single",
    "room_price": 1000,
    "accommodates": 1,
    "is_available": false
  }
},
{
  "model": "hotel.room",
  "pk": 42,
  "fields": {
    "floor": 3,
    "room_type": "Single",
    "room_price": 1000,
    "accommodates": 1,
    "is_available": false
  }
},
{
  "model": "hotel.room",
  "pk": 43,
  "fields": {
    "floor": 9,
    "room_type": "Single",
    "room_price": 1000,
    "accommodates": 1,
    "is_available": true
  }
},
{
  "model": "hotel.room",
  "pk": 44,
  "fields": {
    "floor": 7,
    "room_type": "Single",
    "room_price": 1000,
    "accommodates": 1,
    "is_available": true
  }
},
{
  "model": "hotel.room",
  "pk": 45,
  "fields": {
    "floor": 7,
    "room_type": "Single",
    "room_price": 1000,
    "accommodates": 1,
    "is_available": false
  }
},
{
  "model": "hotel.room",
  "pk": 46,
  "fields": {
    "floor": 9,
    "room_type": "Single",
    "room_price": 1000,
    "accommodates": 1,
    "is_available": true
  }
},
{
  "model": "hotel.room",
  "pk": 47,
  "fields": {
    "floor": 5,
    "room_type": "Single",
    "room_price": 1000,
    "accommodates": 1,
    "is_available": false
  }
},
{
  "model": "hotel.room",
  "pk": 48,
  "fields": {
    "floor": 3,
    "room_type": "Single",
    "room_price": 1000,
    "accommodates": 1,
    "is_available": true
  }
},
{
  "model": "hotel.room",
  "pk": 49,
  "fields": {
    "floor": 1,
    "room_type": "Single",
    "room_price": 1000,
    "accommodates": 1,
    "is_available": true
  }
},
{
  "model": "hotel.room",
  "pk": 50,
  "fields": {
    "floor": 2,
    "room_type": "Single",
    "room_price": 1000,
    "accommodates": 1,
    "is_available": false
  }
},
{
  "model": "hotel.room",
  "pk": 51,
  "fields": {
    "floor": 6,
    "room_type": "Double",
    "room_price": 2000,
    "accommodates": 2,
    "is_available": true
  }
},
{
  "model": "hotel.room",
  "pk": 52,
  "fields": {
    "floor": 7,
    "room_type": "Double",
    "room_price": 2000,
    "accommodates": 2,
    "is_available": true
  }
},
{
  "model": "hotel.room",
  "pk": 53,
  "fields": {
    "floor": 1,
    "room_type": "Double",
    "room_price": 2000,
    "accommodates": 2,
    "is_available": true
  }
},
{
  "model": "hotel.room",
  "pk": 54,
  "fields": {
    "floor": 5,
    "room_type": "Double",
    "room_price": 2000,
    "accommodates": 2,
    "is_available": false
  }
},
{
  "model": "hotel.room",
  "pk": 55,
  "fields": {
    "floor": 6,
    "room_type": "Double",
    "room_price": 2000,
    "accommodates": 2,
    "is_available": false
  }
},
{
  "model": "hotel.room",
  "pk": 56,
  "fields": {
    "floor": 6,
    "room_type": "Double",
    "room_price": 2000,
    "accommodates": 2,
    "is_available": false
  }
},
{
  "model": "hotel.room",
  "pk": 57,
  "fields": {
    "floor": 6,
    "room_type": "Double",
    "room_price": 2000,
    "accommodates": 2,
    "is_available": false
  }
},
{
  "model": "hotel.room",
  "pk": 58,
  "fields": {
    "floor": 1,
    "room_type": "Double",
    "room_price": 2000,
    "accommodates": 2,
    "is_available": true
  }
},
{
  "model": "hotel.room",
  "pk": 59,
  "fields": {
    "floor": 8,
    "room_type": "Double",
    "room_price": 2000,
    "accommodates": 2,
    "is_available": false
  }
},
{
  "model": "hotel.room",
  "pk": 60,
  "fields": {
    "floor": 9,
    "room_type": "Double",
    "room_price": 2000,
    "accommodates": 2,
    "is_available": true
  }
},
{
  "model": "hotel.room",
  "pk": 61,
  "fields": {
    "floor": 9,
    "room_type": "Double",
    "room_price": 2000,
    "accommodates": 2,
    "is_available": false
  }
},
{
  "model": "hotel.room",
  "pk": 62,
  "fields": {
    "floor": 10,
    "room_type": "Double",
    "room_price": 2000,
    "accommodates": 2,
    "is_available": false
  }
},
{
  "model": "hotel.room",
  "pk": 63,
  "fields": {
    "floor": 8,
    "room_type": "Double",
    "room_price": 2000,
    "accommodates": 2,
    "is_available": false
  }
},
{
  "model": "hotel.room",
  "pk": 64,
  "fields": {
    "floor": 8,
    "room_type": "Double",
    "room_price": 2000,
    "accommodates": 2,
    "is_available": true
  }
},
{
  "model": "hotel.room",
  "pk": 65,
  "fields": {
    "floor": 4,
    "room_type": "Double",
    "room_price": 2000,
    "accommodates": 2,
    "is_available": false
  }
},
{
  "model": "hotel.room",
  "pk": 66,
  "fields": {
    "floor": 6,
    "room_type": "Double",
    "room_price": 2000,
    "accommodates": 2,
    "is_available": false
  }
},
{
  "model": "hotel.room",
  "pk": 67,
  "fields": {
    "floor": 7,
    "room_type": "Double",
    "room_price": 2000,
    "accommodates": 2,
    "is_available": false
  }
},
{
  "model": "hotel.room",
  "pk": 68,
  "fields": {
    "floor": 1,
    "room_type": "Double",
    "room_price": 2000,
    "accommodates": 2,
    "is_available": true
  }
},
{
  "model": "hotel.room",
  "pk": 69,
  "fields": {
    "floor": 3,
    "room_type": "Double",
    "room_price": 2000,
    "accommodates": 2,
    "is_available": true
  }
},
{
  "model": "hotel.room",
  "pk": 70,
  "fields": {
    "floor": 1,
    "room_type": "Double",
    "room_price": 2000,
    "accommodates": 2,
    "is_available": false
  }
},
{
  "model": "hotel.room",
  "pk": 71,
  "fields": {
    "floor": 9,
    "room_type": "Suite",
    "room_price": 5000,
    "accommodates": 4,
    "is_available": true
  }
},
{
  "model": "hotel.room",
  "pk": 72,
  "fields": {
    "floor": 6,
    "room_type": "Suite",
    "room_price": 5000,
    "accommodates": 4,
    "is_available": false
  }
},
{
  "model": "hotel.room",
  "pk": 73,
  "fields": {
    "floor": 8,
    "room_type": "Suite",
    "room_price": 5000,
    "accommodates": 4,
    "is_available": false
  }
},
{
  "model": "hotel.room",
  "pk": 74,
  "fields": {
    "floor": 4,
    "room_type": "Suite",
    "room_price": 5000,
    "accommodates": 4,
    "is_available": false
  }
},
{
  "model": "hotel.room",
  "pk": 75,
  "fields": {
    "floor": 6,
    "room_type": "Suite",
    "room_price": 5000,
    "accommodates": 4,
    "is_available": false
  }
},
{
  "model": "hotel.room",
  "pk": 76,
  "fields": {
    "floor": 4,
    "room_type": "Suite",
    "room_price": 5000,
    "accommodates": 4,
    "is_available": true
  }
},
{
  "model": "hotel.room",
  "pk": 77,
  "fields": {
    "floor": 10,
    "room_type": "Suite",
    "room_price": 5000,
    "accommodates": 4,
    "is_available": false
  }
},
{
  "model": "hotel.room",
  "pk": 78,
  "fields": {
    "floor": 6,
    "room_type": "Suite",
    "room_price": 5000,
    "accommodates": 4,
    "is_available": true
  }
},
{
  "model": "hotel.room",
  "pk": 79,
  "fields": {
    "floor": 10,
    "room_type": "Suite",
    "room_price": 5000,
    "accommodates": 4,
    "is_available": true
  }
},
{
  "model": "hotel.room",
  "pk": 80,
  "fields": {
    "floor": 7,
    "room_type": "Suite",
    "room_price": 5000,
    "accommodates": 4,
    "is_available": true
  }
},
{
  "model": "hotel.room",
  "pk": 81,
  "fields": {
    "floor": 3,
    "room_type": "Suite",
    "room_price": 5000,
    "accommodates": 4,
    "is_available": false
  }
},
{
  "model": "hotel.room",
  "pk": 82,
  "fields": {
    "floor": 7,
    "room_type": "Suite",
    "room_price": 5000,
    "accommodates": 4,
    "is_available": false
  }
},
{
  "model": "hotel.room",
  "pk": 83,
  "fields": {
    "floor": 3,
    "room_type": "Suite",
    "room_price": 5000,
    "accommodates": 4,
    "is_available": false
  }
},
{
  "model": "hotel.room",
  "pk": 84,
  "fields": {
    "floor": 9,
    "room_type": "Suite",
    "room_price": 5000,
    "accommodates": 4,
    "is_available": false
  }
},
{
  "model": "hotel.room",
  "pk": 85,
  "fields": {
    "floor": 1,
    "room_type": "Suite",
    "room_price": 5000,
    "accommodates": 4,
    "is_available": false
  }
},
{
  "model": "hotel.room",
  "pk": 86,
  "fields": {
    "floor": 5,
    "room_type": "Suite",
    "room_price": 5000,
    "accommodates": 4,
    "is_available": false
  }
},
{
  "model": "hotel.room",
  "pk": 87,
  "fields": {
    "floor": 6,
    "room_type": "Suite",
    "room_price": 5000,
    "accommodates": 4,
    "is_available": false
  }
},
{
  "model": "hotel.room",
  "pk": 88,
  "fields": {
    "floor": 4,
    "room_type": "Suite",
    "room_price": 5000,
    "accommodates": 4,
    "is_available": true
  }
},
{
  "model": "hotel.room",
  "pk": 89,
  "fields": {
    "floor": 3,
    "room_type": "Suite",
    "room_price": 5000,
    "accommodates": 4,
    "is_available": false
  }
},
{
  "model": "hotel.room",
  "pk": 90,
  "fields": {
    "floor": 5,
    "room_type": "Suite",
    "room_price": 5000,
    "accommodates": 4,
    "is_available": false
  }
},
{
  "model": "hotel.room",
  "pk": 91,
  "fields": {
    "floor": 8,
    "room_type": "Penthouse",
    "room_price": 10000,
    "accommodates": 6,
    "is_available": false
  }
},
{
  "model": "hotel.room",
  "pk": 92,
  "fields": {
    "floor": 8,
    "room_type": "Penthouse",
    "room_price": 10000,
    "accommodates": 6,
    "is_available": true
  }
},
{
  "model": "hotel.room",
  "pk": 93,
  "fields": {
    "floor": 4,
    "room_type": "Penthouse",
    "room_price": 10000,
    "accommodates": 6,
    "is_available": false
  }
},
{
  "model": "hotel.room",
  "pk": 94,
  "fields": {
    "floor": 4,
    "room_type": "Penthouse",
    "room_price": 10000,
    "accommodates": 6,
    "is_available": false
  }
},
{
  "model": "hotel.room",
  "pk": 95,
  "fields": {
    "floor": 1,
    "room_type": "Penthouse",
    "room_price": 10000,
    "accommodates": 6,
    "is_available": false
  }
},
{
  "model": "hotel.room",
  "pk": 96,
  "fields": {
    "floor": 6,
    "room_type": "Penthouse",
    "room_price": 10000,
    "accommodates": 6,
    "is_available": true
  }
},
{
  "model": "hotel.room",
  "pk": 97,
  "fields": {
    "floor": 3,
    "room_type": "Penthouse",
    "room_price": 10000,
    "accommodates": 6,
    "is_available": true
  }
},
{
  "model": "hotel.room",
  "pk": 98,
  "fields": {
    "floor": 9,
    "room_type": "Penthouse",
    "room_price": 10000,
    "accommodates": 6,
    "is_available": true
  }
},
{
  "model": "hotel.room",
  "pk": 99,
  "fields": {
    "floor": 8,
    "room_type": "Penthouse",
    "room_price": 10000,
    "accommodates": 6,
    "is_available": true
  }
},
{
  "model": "hotel.room",
  "pk": 100,
  "fields": {
    "floor": 5,
    "room_type": "Penthouse",
    "room_price": 10000,
    "accommodates": 6,
    "is_available": false
  }
},
{
  "model": "hotel.reservedroom",
  "pk": 1,
  "fields": {
    "customer": 48,
    "room": 73,
    "room_number": 193,
    "checkin_time": "2023-10-24T13:09:27.284Z",
    "checkout_time": "2023-10-28T13:09:27.284Z"
  }
},
{
  "model": "hotel.reservedroom",
  "pk": 2,
  "fields": {
    "customer": 28,
    "room": 36,
    "room_number": 159,
    "checkin_time": "2023-11-10T14:51:52.241Z",
    "checkout_time": "2023-11-15T14:51:52.241Z"
  }
},
{
  "model": "hotel.reservedroom",
  "pk": 3,
  "fields": {
    "customer": 2,
    "room": 28,
    "room_number": 160,
    "checkin_time": "2023-11-03T07:39:20.023Z",
    "checkout_time": "2023-11-05T07:39:20.023Z"
  }
},
{
  "model": "hotel.reservedroom",
  "pk": 4,
  "fields": {
    "customer": 40,
    "room": 31,
    "room_number": 142,
    "checkin_time": "2023-11-06T11:27:29.600Z",
    "checkout_time": "2023-11-10T11:27:29.600Z"
  }
},
{
  "model": "hotel.reservedroom",
  "pk": 5,
  "fields": {
    "customer": 25,
    "room": 54,
    "room_number": 176,
    "checkin_time": "2023-11-14T04:45:24.604Z",
    "checkout_time": "2023-11-20T04:45:24.604Z"
  }
},
{
  "model": "hotel.reservedroom",
  "pk": 6,
  "fields": {
    "customer": 8,
    "room": 27,
    "room_number": 155,
    "checkin_time": "2023-11-17T15:30:47.274Z",
    "checkout_time": "2023-11-24T15:30:47.274Z"
  }
},
{
  "model": "hotel.reservedroom",
  "pk": 7,
  "fields": {
    "customer": 30,
    "room": 35,
    "room_number": 187,
    "checkin_time": "2023-11-13T21:18:33.859Z",
    "checkout_time": "2023-11-15T21:18:33.859Z"
  }
},
{
  "model": "hotel.reservedroom",
  "pk": 8,
  "fields": {
    "customer": 10,
    "room": 66,
    "room_number": 161,
    "checkin_time": "2023-11-11T02:05:32.190Z",
    "checkout_time": "2023-11-16T02:05:32.190Z"
  }
},
{
  "model": "hotel.reservedroom",
  "pk": 9,
  "fields": {
    "customer": 4,
    "room": 50,
    "room_number": 103,
    "checkin_time": "2023-10-24T03:56:25.634Z",
    "checkout_time": "2023-10-29T03:56:25.634Z"
  }
},
{
  "model": "hotel.reservedroom",
  "pk": 10,
  "fields": {
    "customer": 35,
    "room": 99,
    "room_number": 116,
    "checkin_time": "2023-11-02T07:26:36.824Z",
    "checkout_time": "2023-11-08T07:26:36.824Z"
  }
},
{
  "model": "hotel.reservedroom",
  "pk": 11,
  "fields": {
    "customer": 24,
    "room": 27,
    "room_number": 121,
    "checkin_time": "2023-11-01T14:43:42.728Z",
    "checkout_time": "2023-11-02T14:43:42.728Z"
  }
},
{
  "model": "hotel.reservedroom",
  "pk": 12,
  "fields": {
    "customer": 35,
    "room": 41,
    "room_number": 178,
    "checkin_time": "2023-11-07T20:06:30.994Z",
    "checkout_time": "2023-11-14T20:06:30.994Z"
  }
},
{
  "model": "hotel.reservedroom",
  "pk": 13,
  "fields": {
    "customer": 7,
    "room": 80,
    "room_number": 199,
    "checkin_time": "2023-11-06T09:09:37.527Z",
    "checkout_time": "2023-11-07T09:09:37.527Z"
  }
},
{
  "model": "hotel.reservedroom",
  "pk": 14,
  "fields": {
    "customer": 33,
    "room": 11,
    "room_number": 119,
    "checkin_time": "2023-10-22T21:48:59.400Z",
    "checkout_time": "2023-10-27T21:48:59.400Z"
  }
},
{
  "model": "hotel.reservedroom",
  "pk": 15,
  "fields": {
    "customer": 43,
    "room": 13,
    "room_number": 193,
    "checkin_time": "2023-10-24T01:18:40.166Z",
    "checkout_time": "2023-10-28T01:18:40.166Z"
  }
},
{
  "model": "hotel.reservedroom",
  "pk": 16,
  "fields": {
    "customer": 6,
    "room": 25,
    "room_number": 151,
    "checkin_time": "2023-11-02T07:55:36.175Z",
    "checkout_time": "2023-11-06T07:55:36.175Z"
  }
},
{
  "model": "hotel.reservedroom",
  "pk": 17,
  "fields": {
    "customer": 16,
    "room": 7,
    "room_number": 156,
    "checkin_time": "2023-10-26T15:23:49.770Z",
    "checkout_time": "2023-10-31T15:23:49.770Z"
  }
},
{
  "model": "hotel.reservedroom",
  "pk": 18,
  "fields": {
    "customer": 11,
    "room": 98,
    "room_number": 123,
    "checkin_time": "2023-10-26T07:42:01.386Z",
    "checkout_time": "2023-10-29T07:42:01.386Z"
  }
},
{
  "model": "hotel.reservedroom",
  "pk": 19,
  "fields": {
    "customer": 48,
    "room": 59,
    "room_number": 143,
    "checkin_time": "2023-11-08T14:35:21.447Z",
    "checkout_time": "2023-11-10T14:35:21.447Z"
  }
},
{
  "model": "hotel.reservedroom",
  "pk": 20,
  "fields": {
    "customer": 6,
    "room": 51,
    "room_number": 183,
    "checkin_time": "2023-11-11T22:04:32.233Z",
    "checkout_time": "2023-11-12T22:04:32.233Z"
  }
},
{
  "model": "hotel.reservedroom",
  "pk": 21,
  "fields": {
    "customer": 41,
    "room": 37,
    "room_number": 199,
    "checkin_time": "2023-11-08T09:53:55.419Z",
    "checkout_time": "2023-11-11T09:53:55.419Z"
  }
},
{
  "model": "hotel.reservedroom",
  "pk": 22,
  "fields": {
    "customer": 44,
    "room": 17,
    "room_number": 101,
    "checkin_time": "2023-10-25T11:18:46.293Z",
    "checkout_time": "2023-10-30T11:18:46.293Z"
  }
},
{
  "model": "hotel.reservedroom",
  "pk": 23,
  "fields": {
    "customer": 3,
    "room": 90,
    "room_number": 138,
    "checkin_time": "2023-11-08T06:44:51.035Z",
    "checkout_time": "2023-11-10T06:44:51.035Z"
  }
},
{
  "model": "hotel.reservedroom",
  "pk": 24,
  "fields": {
    "customer": 32,
    "room": 38,
    "room_number": 143,
    "checkin_time": "2023-10-31T15:03:28.927Z",
    "checkout_time": "2023-11-03T15:03:28.927Z"
  }
},
{
  "model": "hotel.reservedroom",
  "pk": 25,
  "fields": {
    "customer": 50,
    "room": 56,
    "room_number": 114,
    "checkin_time": "2023-11-01T11:15:51.359Z",
    "checkout_time": "2023-11-02T11:15:51.359Z"
  }
},
{
  "model": "hotel.reservedroom",
  "pk": 26,
  "fields": {
    "customer": 36,
    "room": 93,
    "room_number": 115,
    "checkin_time": "2023-11-05T16:04:53.765Z",
    "checkout_time": "2023-11-11T16:04:53.765Z"
  }
},
{
  "model": "hotel.reservedroom",
  "pk": 27,
  "fields": {
    "customer": 40,
    "room": 41,
    "room_number": 165,
    "checkin_time": "2023-10-30T09:05:04.293Z",
    "checkout_time": "2023-11-01T09:05:04.293Z"
  }
},
{
  "model": "hotel.reservedroom",
  "pk": 28,
  "fields": {
    "customer": 10,
    "room": 80,
    "room_number": 191,
    "checkin_time": "2023-11-17T05:03:03.450Z",
    "checkout_time": "2023-11-24T05:03:03.450Z"
  }
},
{
  "model": "hotel.reservedroom",
  "pk": 29,
  "fields": {
    "customer": 22,
    "room": 51,
    "room_number": 145,
    "checkin_time": "2023-11-17T04:00:14.149Z",
    "checkout_time": "2023-11-18T04:00:14.149Z"
  }
},
{
  "model": "hotel.reservedroom",
  "pk": 30,
  "fields": {
    "customer": 18,
    "room": 39,
    "room_number": 107,
    "checkin_time": "2023-11-06T10:53:33.902Z",
    "checkout_time": "2023-11-07T10:53:33.902Z"
  }
},
{
  "model": "hotel.reservedroom",
  "pk": 31,
  "fields": {
    "customer": 46,
    "room": 78,
    "room_number": 155,
    "checkin_time": "2023-11-02T03:31:20.162Z",
    "checkout_time": "2023-11-09T03:31:20.162Z"
  }
},
{
  "model": "hotel.reservedroom",
  "pk": 32,
  "fields": {
    "customer": 28,
    "room": 40,
    "room_number": 151,
    "checkin_time": "2023-11-11T18:09:56.548Z",
    "checkout_time": "2023-11-16T18:09:56.548Z"
  }
},
{
  "model": "hotel.reservedroom",
  "pk": 33,
  "fields": {
    "customer": 28,
    "room": 26,
    "room_number": 146,
    "checkin_time": "2023-11-03T14:34:06.746Z",
    "checkout_time": "2023-11-08T14:34:06.746Z"
  }
},
{
  "model": "hotel.reservedroom",
  "pk": 34,
  "fields": {
    "customer": 1,
    "room": 49,
    "room_number": 164,
    "checkin_time": "2023-11-09T08:46:32.948Z",
    "checkout_time": "2023-11-11T08:46:32.948Z"
  }
},
{
  "model": "hotel.reservedroom",
  "pk": 35,
  "fields": {
    "customer": 2,
    "room": 85,
    "room_number": 119,
    "checkin_time": "2023-11-02T01:52:41.919Z",
    "checkout_time": "2023-11-05T01:52:41.919Z"
  }
},
{
  "model": "hotel.reservedroom",
  "pk": 36,
  "fields": {
    "customer": 3,
    "room": 63,
    "room_number": 142,
    "checkin_time": "2023-11-08T09:54:18.760Z",
    "checkout_time": "2023-11-13T09:54:18.760Z"
  }
},
{
  "model": "hotel.reservedroom",
  "pk": 37,
  "fields": {
    "customer": 13,
    "room": 73,
    "room_number": 144,
    "checkin_time": "2023-11-02T23:44:41.032Z",
    "checkout_time": "2023-11-08T23:44:41.032Z"
  }
},
{
  "model": "hotel.reservedroom",
  "pk": 38,
  "fields": {
    "customer": 11,
    "room": 14,
    "room_number": 200,
    "checkin_time": "2023-11-09T11:42:00.124Z",
    "checkout_time": "2023-11-12T11:42:00.124Z"
  }
},
{
  "model": "hotel.reservedroom",
  "pk": 39,
  "fields": {
    "customer": 43,
    "room": 59,
    "room_number": 158,
    "checkin_time": "2023-11-11T04:15:30.698Z",
    "checkout_time": "2023-11-13T04:15:30.698Z"
  }
},
{
  "model": "hotel.reservedroom",
  "pk": 40,
  "fields": {
    "customer": 14,
    "room": 2,
    "room_number": 121,
    "checkin_time": "2023-11-01T06:14:34.636Z",
    "checkout_time": "2023-11-02T06:14:34.636Z"
  }
},
{
  "model": "hotel.reservedroom",
  "pk": 41,
  "fields": {
    "customer": 10,
    "room": 1,
    "room_number": 136,
    "checkin_time": "2023-11-04T04:22:06.773Z",
    "checkout_time": "2023-11-06T04:22:06.773Z"
  }
},
{
  "model": "hotel.reservedroom",
  "pk": 42,
  "fields": {
    "customer": 12,
    "room": 40,
    "room_number": 181,
    "checkin_time": "2023-11-03T20:24:34.971Z",
    "checkout_time": "2023-11-05T20:24:34.971Z"
  }
},
{
  "model": "hotel.reservedroom",
  "pk": 43,
  "fields": {
    "customer": 25,
    "room": 86,
    "room_number": 102,
    "checkin_time": "2023-10-30T02:21:08.680Z",
    "checkout_time": "2023-11-05T02:21:08.680Z"
  }
},
{
  "model": "hotel.reservedroom",
  "pk": 44,
  "fields": {
    "customer": 10,
    "room": 17,
    "room_number": 122,
    "checkin_time": "2023-11-04T17:52:26.120Z",
    "checkout_time": "2023-11-08T17:52:26.120Z"
  }
},
{
  "model": "hotel.reservedroom",
  "pk": 45,
  "fields": {
    "customer": 27,
    "room": 39,
    "room_number": 177,
    "checkin_time": "2023-11-16T17:19:18.256Z",
    "checkout_time": "2023-11-20T17:19:18.256Z"
  }
},
{
  "model": "hotel.reservedroom",
  "pk": 46,
  "fields": {
    "customer": 33,
    "room": 43,
    "room_number": 182,
    "checkin_time": "2023-10-27T08:39:57.842Z",
    "checkout_time": "2023-10-29T08:39:57.842Z"
  }
},
{
  "model": "hotel.reservedroom",
  "pk": 47,
  "fields": {
    "customer": 13,
    "room": 55,
    "room_number": 139,
    "checkin_time": "2023-10-24T18:46:22.141Z",
    "checkout_time": "2023-10-26T18:46:22.141Z"
  }
},
{
  "model": "hotel.reservedroom",
  "pk": 48,
  "fields": {
    "customer": 15,
    "room": 79,
    "room_number": 196,
    "checkin_time": "2023-11-09T07:21:37.741Z",
    "checkout_time": "2023-11-16T07:21:37.741Z"
  }
},
{
  "model": "hotel.reservedroom",
  "pk": 49,
  "fields": {
    "customer": 1,
    "room": 39,
    "room_number": 147,
    "checkin_time": "2023-10-21T20:47:01.533Z",
    "checkout_time": "2023-10-27T20:47:01.533Z"
  }
},
{
  "model": "hotel.reservedroom",
  "pk": 50,
  "fields": {
    "customer": 35,
    "room": 23,
    "room_number": 171,
    "checkin_time": "2023-10-23T23:30:50.688Z",
    "checkout_time": "2023-10-24T23:30:50.688Z"
  }
},
{
  "model": "hotel.reservedfacility",
  "pk": 1,
  "fields": {
    "customer": 43,
    "facility": 6,
    "checkin_time": "2023-10-21T22:43:11.259Z",
    "checkout_time": "2023-10-22T02:43:11.259Z"
  }
},
{
  "model": "hotel.reservedfacility",
  "pk": 2,
  "fields": {
    "customer": 8,
    "facility": 5,
    "checkin_time": "2023-10-30T09:38:50.069Z",
    "checkout_time": "2023-10-30T11:38:50.069Z"
  }
},
{
  "model": "hotel.reservedfacility",
  "pk": 3,
  "fields": {
    "customer": 4,
    "facility": 8,
    "checkin_time": "2023-11-03T12:30:30.208Z",
    "checkout_time": "2023-11-03T16:30:30.208Z"
  }
},
{
  "model": "hotel.reservedfacility",
  "pk": 4,
  "fields": {
    "customer": 34,
    "facility": 7,
    "checkin_time": "2023-11-19T08:14:58.256Z",
    "checkout_time": "2023-11-19T09:14:58.256Z"
  }
},
{
  "model": "hotel.reservedfacility",
  "pk": 5,
  "fields": {
    "customer": 14,
    "facility": 5,
    "checkin_time": "2023-10-28T07:59:05.817Z",
    "checkout_time": "2023-10-28T11:59:05.817Z"
  }
},
{
  "model": "hotel.reservedfacility",
  "pk": 6,
  "fields": {
    "customer": 26,
    "facility": 5,
    "checkin_time": "2023-11-16T13:45:59.422Z",
    "checkout_time": "2023-11-16T16:45:59.422Z"
  }
},
{
  "model": "hotel.reservedfacility",
  "pk": 7,
  "fields": {
    "customer": 35,
    "facility": 4,
    "checkin_time": "2023-10-28T05:05:14.043Z",
    "checkout_time": "2023-10-28T08:05:14.043Z"
  }
},
{
  "model": "hotel.reservedfacility",
  "pk": 8,
  "fields": {
    "customer": 31,
    "facility": 1,
    "checkin_time": "2023-11-07T18:07:43.643Z",
    "checkout_time": "2023-11-07T23:07:43.643Z"
  }
},
{
  "model": "hotel.reservedfacility",
  "pk": 9,
  "fields": {
    "customer": 31,
    "facility": 5,
    "checkin_time": "2023-11-07T01:07:46.017Z",
    "checkout_time": "2023-11-07T03:07:46.017Z"
  }
},
{
  "model": "hotel.reservedfacility",
  "pk": 10,
  "fields": {
    "customer": 10,
    "facility": 7,
    "checkin_time": "2023-10-22T17:27:11.386Z",
    "checkout_time": "2023-10-22T18:27:11.386Z"
  }
},
{
  "model": "hotel.reservedfacility",
  "pk": 11,
  "fields": {
    "customer": 40,
    "facility": 10,
    "checkin_time": "2023-11-06T04:04:27.726Z",
    "checkout_time": "2023-11-06T05:04:27.726Z"
  }
},
{
  "model": "hotel.reservedfacility",
  "pk": 12,
  "fields": {
    "customer": 49,
    "facility": 6,
    "checkin_time": "2023-11-19T00:56:48.373Z",
    "checkout_time": "2023-11-19T04:56:48.373Z"
  }
},
{
  "model": "hotel.reservedfacility",
  "pk": 13,
  "fields": {
    "customer": 44,
    "facility": 6,
    "checkin_time": "2023-11-14T11:59:51.749Z",
    "checkout_time": "2023-11-14T16:59:51.749Z"
  }
},
{
  "model": "hotel.reservedfacility",
  "pk": 14,
  "fields": {
    "customer": 20,
    "facility": 4,
    "checkin_time": "2023-11-06T10:10:49.665Z",
    "checkout_time": "2023-11-06T11:10:49.665Z"
  }
},
{
  "model": "hotel.reservedfacility",
  "pk": 15,
  "fields": {
    "customer": 14,
    "facility": 3,
    "checkin_time": "2023-10-26T07:02:58.833Z",
    "checkout_time": "2023-10-26T12:02:58.833Z"
  }
},
{
  "model": "hotel.reservedfacility",
  "pk": 16,
  "fields": {
    "customer": 2,
    "facility": 6,
    "checkin_time": "2023-11-07T09:52:14.755Z",
    "checkout_time": "2023-11-07T12:52:14.755Z"
  }
},
{
  "model": "hotel.reservedfacility",
  "pk": 17,
  "fields": {
    "customer": 8,
    "facility": 7,
    "checkin_time": "2023-11-20T12:34:25.012Z",
    "checkout_time": "2023-11-20T17:34:25.012Z"
  }
},
{
  "model": "hotel.reservedfacility",
  "pk": 18,
  "fields": {
    "customer": 6,
    "facility": 5,
    "checkin_time": "2023-11-06T15:17:30.019Z",
    "checkout_time": "2023-11-06T16:17:30.019Z"
  }
},
{
  "model": "hotel.reservedfacility",
  "pk": 19,
  "fields": {
    "customer": 40,
    "facility": 2,
    "checkin_time": "2023-11-07T07:09:29.121Z",
    "checkout_time": "2023-11-07T12:09:29.121Z"
  }
},
{
  "model": "hotel.reservedfacility",
  "pk": 20,
  "fields": {
    "customer": 10,
    "facility": 3,
    "checkin_time": "2023-11-18T19:16:45.715Z",
    "checkout_time": "2023-11-19T00:16:45.715Z"
  }
},
{
  "model": "hotel.reservedfacility",
  "pk": 21,
  "fields": {
    "customer": 17,
    "facility": 1,
    "checkin_time": "2023-11-20T11:49:44.350Z",
    "checkout_time": "2023-11-20T12:49:44.350Z"
  }
},
{
  "model": "hotel.reservedfacility",
  "pk": 22,
  "fields": {
    "customer": 30,
    "facility": 10,
    "checkin_time": "2023-11-20T13:34:37.300Z",
    "checkout_time": "2023-11-20T14:34:37.300Z"
  }
},
{
  "model": "hotel.reservedfacility",
  "pk": 23,
  "fields": {
    "customer": 8,
    "facility": 1,
    "checkin_time": "2023-11-14T05:34:47.867Z",
    "checkout_time": "2023-11-14T07:34:47.867Z"
  }
},
{
  "model": "hotel.reservedfacility",
  "pk": 24,
  "fields": {
    "customer": 41,
    "facility": 7,
    "checkin_time": "2023-11-10T18:53:43.675Z",
    "checkout_time": "2023-11-10T20:53:43.675Z"
  }
},
{
  "model": "hotel.reservedfacility",
  "pk": 25,
  "fields": {
    "customer": 42,
    "facility": 2,
    "checkin_time": "2023-11-03T02:15:46.544Z",
    "checkout_time": "2023-11-03T07:15:46.544Z"
  }
},
{
  "model": "hotel.reservedfacility",
  "pk": 26,
  "fields": {
    "customer": 6,
    "facility": 10,
    "checkin_time": "2023-10-25T03:57:16.974Z",
    "checkout_time": "2023-10-25T04:57:16.974Z"
  }
},
{
  "model": "hotel.reservedfacility",
  "pk": 27,
  "fields": {
    "customer": 23,
    "facility": 6,
    "checkin_time": "2023-11-18T05:29:41.980Z",
    "checkout_time": "2023-11-18T06:29:41.980Z"
  }
},
{
  "model": "hotel.reservedfacility",
  "pk": 28,
  "fields": {
    "customer": 9,
    "facility": 10,
    "checkin_time": "2023-11-16T09:04:39.226Z",
    "checkout_time": "2023-11-16T14:04:39.226Z"
  }
},
{
  "model": "hotel.reservedfacility",
  "pk": 29,
  "fields": {
    "customer": 8,
    "facility": 10,
    "checkin_time": "2023-10-25T09:12:23.649Z",
    "checkout_time": "2023-10-25T10:12:23.649Z"
  }
},
{
  "model": "hotel.reservedfacility",
  "pk": 30,
  "fields": {
    "customer": 3,
    "facility": 6,
    "checkin_time": "2023-11-05T02:40:10.866Z",
    "checkout_time": "2023-11-05T05:40:10.866Z"
  }
},
{
  "model": "hotel.recipe",
  "pk": 1,
  "fields": {
    "menu_name": "Burger",
    "portion_size": 2,
    "price": "380.73"
  }
},
{
  "model": "hotel.recipe",
  "pk": 2,
  "fields": {
    "menu_name": "Pizza",
    "portion_size": 5,
    "price": "672.71"
  }
},
{
  "model": "hotel.recipe",
  "pk": 3,
  "fields": {
    "menu_name": "Pasta",
    "portion_size": 3,
    "price": "853.49"
  }
},
{
  "model": "hotel.recipe",
  "pk": 4,
  "fields": {
    "menu_name": "Salad",
    "portion_size": 2,
    "price": "658.46"
  }
},
{
  "model": "hotel.recipe",
  "pk": 5,
  "fields": {
    "menu_name": "Steak",
    "portion_size": 4,
    "price": "284.63"
  }
},
{
  "model": "hotel.recipe",
  "pk": 6,
  "fields": {
    "menu_name": "Sushi",
    "portion_size": 5,
    "price": "201.10"
  }
},
{
  "model": "hotel.recipe",
  "pk": 7,
  "fields": {
    "menu_name": "Soup",
    "portion_size": 1,
    "price": "155.35"
  }
},
{
  "model": "hotel.recipe",
  "pk": 8,
  "fields": {
    "menu_name": "Sandwich",
    "portion_size": 3,
    "price": "497.70"
  }
},
{
  "model": "hotel.recipe",
  "pk": 9,
  "fields": {
    "menu_name": "Taco",
    "portion_size": 4,
    "price": "819.89"
  }
},
{
  "model": "hotel.recipe",
  "pk": 10,
  "fields": {
    "menu_name": "Burrito",
    "portion_size": 3,
    "price": "323.64"
  }
},
{
  "model": "hotel.recipe",
  "pk": 11,
  "fields": {
    "menu_name": "Curry",
    "portion_size": 4,
    "price": "111.95"
  }
},
{
  "model": "hotel.recipe",
  "pk": 12,
  "fields": {
    "menu_name": "Noodles",
    "portion_size": 1,
    "price": "249.05"
  }
},
{
  "model": "hotel.recipe",
  "pk": 13,
  "fields": {
    "menu_name": "Rice Bowl",
    "portion_size": 2,
    "price": "653.39"
  }
},
{
  "model": "hotel.recipe",
  "pk": 14,
  "fields": {
    "menu_name": "Wrap",
    "portion_size": 5,
    "price": "358.48"
  }
},
{
  "model": "hotel.recipe",
  "pk": 15,
  "fields": {
    "menu_name": "Quesadilla",
    "portion_size": 2,
    "price": "620.53"
  }
},
{
  "model": "hotel.recipe",
  "pk": 16,
  "fields": {
    "menu_name": "Fajitas",
    "portion_size": 4,
    "price": "865.62"
  }
},
{
  "model": "hotel.recipe",
  "pk": 17,
  "fields": {
    "menu_name": "Grilled Cheese",
    "portion_size": 3,
    "price": "943.40"
  }
},
{
  "model": "hotel.recipe",
  "pk": 18,
  "fields": {
    "menu_name": "Omelette",
    "portion_size": 4,
    "price": "698.30"
  }
},
{
  "model": "hotel.recipe",
  "pk": 19,
  "fields": {
    "menu_name": "Smoothie",
    "portion_size": 5,
    "price": "870.99"
  }
},
{
  "model": "hotel.recipe",
  "pk": 20,
  "fields": {
    "menu_name": "Pancakes",
    "portion_size": 3,
    "price": "480.57"
  }
},
{
  "model": "hotel.recipe",
  "pk": 21,
  "fields": {
    "menu_name": "Waffles",
    "portion_size": 5,
    "price": "847.14"
  }
},
{
  "model": "hotel.recipe",
  "pk": 22,
  "fields": {
    "menu_name": "Ice Cream",
    "portion_size": 2,
    "price": "897.14"
  }
},
{
  "model": "hotel.recipe",
  "pk": 23,
  "fields": {
    "menu_name": "Cupcake",
    "portion_size": 4,
    "price": "601.94"
  }
},
{
  "model": "hotel.recipe",
  "pk": 24,
  "fields": {
    "menu_name": "Muffin",
    "portion_size": 3,
    "price": "373.30"
  }
},
{
  "model": "hotel.recipe",
  "pk": 25,
  "fields": {
    "menu_name": "Doughnut",
    "portion_size": 2,
    "price": "492.98"
  }
},
{
  "model": "hotel.recipe",
  "pk": 26,
  "fields": {
    "menu_name": "Cheesecake",
    "portion_size": 3,
    "price": "240.01"
  }
},
{
  "model": "hotel.recipe",
  "pk": 27,
  "fields": {
    "menu_name": "Brownie",
    "portion_size": 4,
    "price": "892.43"
  }
},
{
  "model": "hotel.recipe",
  "pk": 28,
  "fields": {
    "menu_name": "Truffle",
    "portion_size": 5,
    "price": "318.29"
  }
},
{
  "model": "hotel.recipe",
  "pk": 29,
  "fields": {
    "menu_name": "Cappuccino",
    "portion_size": 4,
    "price": "690.11"
  }
},
{
  "model": "hotel.recipe",
  "pk": 30,
  "fields": {
    "menu_name": "Latte",
    "portion_size": 3,
    "price": "956.16"
  }
},
{
  "model": "hotel.recipe",
  "pk": 31,
  "fields": {
    "menu_name": "Espresso",
    "portion_size": 2,
    "price": "278.55"
  }
},
{
  "model": "hotel.recipe",
  "pk": 32,
  "fields": {
    "menu_name": "Mocha",
    "portion_size": 2,
    "price": "637.40"
  }
},
{
  "model": "hotel.recipe",
  "pk": 33,
  "fields": {
    "menu_name": "Tea",
    "portion_size": 2,
    "price": "745.21"
  }
},
{
  "model": "hotel.recipe",
  "pk": 34,
  "fields": {
    "menu_name": "Lemonade",
    "portion_size": 5,
    "price": "575.05"
  }
},
{
  "model": "hotel.recipe",
  "pk": 35,
  "fields": {
    "menu_name": "Margarita",
    "portion_size": 2,
    "price": "816.38"
  }
},
{
  "model": "hotel.recipe",
  "pk": 36,
  "fields": {
    "menu_name": "Mojito",
    "portion_size": 3,
    "price": "962.09"
  }
},
{
  "model": "hotel.recipe",
  "pk": 37,
  "fields": {
    "menu_name": "Soda",
    "portion_size": 2,
    "price": "315.96"
  }
},
{
  "model": "hotel.recipe",
  "pk": 38,
  "fields": {
    "menu_name": "Juice",
    "portion_size": 3,
    "price": "463.44"
  }
},
{
  "model": "hotel.recipe",
  "pk": 39,
  "fields": {
    "menu_name": "Cocktail",
    "portion_size": 3,
    "price": "897.96"
  }
},
{
  "model": "hotel.recipe",
  "pk": 40,
  "fields": {
    "menu_name": "Mocktail",
    "portion_size": 2,
    "price": "407.19"
  }
},
{
  "model": "hotel.recipe",
  "pk": 41,
  "fields": {
    "menu_name": "Cider",
    "portion_size": 3,
    "price": "867.99"
  }
},
{
  "model": "hotel.recipe",
  "pk": 42,
  "fields": {
    "menu_name": "Shake",
    "portion_size": 1,
    "price": "545.20"
  }
},
{
  "model": "hotel.stock",
  "pk": 1,
  "fields": {
    "ingredient_name": "Tomato",
    "quantity": "160.79",
    "type": "ml"
  }
},
{
  "model": "hotel.stock",
  "pk": 2,
  "fields": {
    "ingredient_name": "Onion",
    "quantity": "142.20",
    "type": "g"
  }
},
{
  "model": "hotel.stock",
  "pk": 3,
  "fields": {
    "ingredient_name": "Garlic",
    "quantity": "122.37",
    "type": "kg"
  }
},
{
  "model": "hotel.stock",
  "pk": 4,
  "fields": {
    "ingredient_name": "Basil",
    "quantity": "346.00",
    "type": "kg"
  }
},
{
  "model": "hotel.stock",
  "pk": 5,
  "fields": {
    "ingredient_name": "Oregano",
    "quantity": "440.55",
    "type": "ml"
  }
},
{
  "model": "hotel.stock",
  "pk": 6,
  "fields": {
    "ingredient_name": "Parsley",
    "quantity": "101.17",
    "type": "g"
  }
},
{
  "model": "hotel.stock",
  "pk": 7,
  "fields": {
    "ingredient_name": "Cilantro",
    "quantity": "401.83",
    "type": "kg"
  }
},
{
  "model": "hotel.stock",
  "pk": 8,
  "fields": {
    "ingredient_name": "Thyme",
    "quantity": "380.60",
    "type": "g"
  }
},
{
  "model": "hotel.stock",
  "pk": 9,
  "fields": {
    "ingredient_name": "Rosemary",
    "quantity": "338.61",
    "type": "l"
  }
},
{
  "model": "hotel.stock",
  "pk": 10,
  "fields": {
    "ingredient_name": "Lemon",
    "quantity": "371.11",
    "type": "kg"
  }
},
{
  "model": "hotel.stock",
  "pk": 11,
  "fields": {
    "ingredient_name": "Lime",
    "quantity": "463.69",
    "type": "g"
  }
},
{
  "model": "hotel.stock",
  "pk": 12,
  "fields": {
    "ingredient_name": "Cucumber",
    "quantity": "380.71",
    "type": "g"
  }
},
{
  "model": "hotel.stock",
  "pk": 13,
  "fields": {
    "ingredient_name": "Spinach",
    "quantity": "343.07",
    "type": "l"
  }
},
{
  "model": "hotel.stock",
  "pk": 14,
  "fields": {
    "ingredient_name": "Kale",
    "quantity": "356.92",
    "type": "g"
  }
},
{
  "model": "hotel.stock",
  "pk": 15,
  "fields": {
    "ingredient_name": "Lettuce",
    "quantity": "337.18",
    "type": "g"
  }
},
{
  "model": "hotel.stock",
  "pk": 16,
  "fields": {
    "ingredient_name": "Carrot",
    "quantity": "131.37",
    "type": "l"
  }
},
{
  "model": "hotel.stock",
  "pk": 17,
  "fields": {
    "ingredient_name": "Bell Pepper",
    "quantity": "242.96",
    "type": "kg"
  }
},
{
  "model": "hotel.stock",
  "pk": 18,
  "fields": {
    "ingredient_name": "Mushroom",
    "quantity": "283.95",
    "type": "ml"
  }
},
{
  "model": "hotel.stock",
  "pk": 19,
  "fields": {
    "ingredient_name": "Zucchini",
    "quantity": "213.15",
    "type": "l"
  }
},
{
  "model": "hotel.stock",
  "pk": 20,
  "fields": {
    "ingredient_name": "Broccoli",
    "quantity": "178.51",
    "type": "ml"
  }
},
{
  "model": "hotel.stock",
  "pk": 21,
  "fields": {
    "ingredient_name": "Eggplant",
    "quantity": "282.30",
    "type": "g"
  }
},
{
  "model": "hotel.stock",
  "pk": 22,
  "fields": {
    "ingredient_name": "Potato",
    "quantity": "328.24",
    "type": "g"
  }
},
{
  "model": "hotel.stock",
  "pk": 23,
  "fields": {
    "ingredient_name": "Sweet Potato",
    "quantity": "122.04",
    "type": "l"
  }
},
{
  "model": "hotel.stock",
  "pk": 24,
  "fields": {
    "ingredient_name": "Quinoa",
    "quantity": "175.06",
    "type": "ml"
  }
},
{
  "model": "hotel.stock",
  "pk": 25,
  "fields": {
    "ingredient_name": "Brown Rice",
    "quantity": "292.64",
    "type": "ml"
  }
},
{
  "model": "hotel.stock",
  "pk": 26,
  "fields": {
    "ingredient_name": "White Rice",
    "quantity": "147.46",
    "type": "kg"
  }
},
{
  "model": "hotel.stock",
  "pk": 27,
  "fields": {
    "ingredient_name": "Pasta",
    "quantity": "301.23",
    "type": "l"
  }
},
{
  "model": "hotel.stock",
  "pk": 28,
  "fields": {
    "ingredient_name": "Spaghetti",
    "quantity": "321.85",
    "type": "ml"
  }
},
{
  "model": "hotel.stock",
  "pk": 29,
  "fields": {
    "ingredient_name": "Farfalle",
    "quantity": "494.44",
    "type": "l"
  }
},
{
  "model": "hotel.stock",
  "pk": 30,
  "fields": {
    "ingredient_name": "Chickpeas",
    "quantity": "483.56",
    "type": "ml"
  }
},
{
  "model": "hotel.stock",
  "pk": 31,
  "fields": {
    "ingredient_name": "Black Beans",
    "quantity": "220.18",
    "type": "g"
  }
},
{
  "model": "hotel.stock",
  "pk": 32,
  "fields": {
    "ingredient_name": "Kidney Beans",
    "quantity": "413.09",
    "type": "g"
  }
},
{
  "model": "hotel.stock",
  "pk": 33,
  "fields": {
    "ingredient_name": "Lentils",
    "quantity": "397.24",
    "type": "ml"
  }
},
{
  "model": "hotel.stock",
  "pk": 34,
  "fields": {
    "ingredient_name": "Chicken Breast",
    "quantity": "291.86",
    "type": "l"
  }
},
{
  "model": "hotel.stock",
  "pk": 35,
  "fields": {
    "ingredient_name": "Beef",
    "quantity": "229.81",
    "type": "ml"
  }
},
{
  "model": "hotel.stock",
  "pk": 36,
  "fields": {
    "ingredient_name": "Salmon",
    "quantity": "268.51",
    "type": "kg"
  }
},
{
  "model": "hotel.stock",
  "pk": 37,
  "fields": {
    "ingredient_name": "Shrimp",
    "quantity": "156.43",
    "type": "kg"
  }
},
{
  "model": "hotel.stock",
  "pk": 38,
  "fields": {
    "ingredient_name": "Tofu",
    "quantity": "400.52",
    "type": "g"
  }
},
{
  "model": "hotel.stock",
  "pk": 39,
  "fields": {
    "ingredient_name": "Tempeh",
    "quantity": "307.91",
    "type": "kg"
  }
},
{
  "model": "hotel.stock",
  "pk": 40,
  "fields": {
    "ingredient_name": "Avocado",
    "quantity": "159.37",
    "type": "l"
  }
},
{
  "model": "hotel.stock",
  "pk": 41,
  "fields": {
    "ingredient_name": "Cheese",
    "quantity": "59.87",
    "type": "g"
  }
},
{
  "model": "hotel.stock",
  "pk": 42,
  "fields": {
    "ingredient_name": "Feta",
    "quantity": "381.77",
    "type": "ml"
  }
},
{
  "model": "hotel.stock",
  "pk": 43,
  "fields": {
    "ingredient_name": "Parmesan",
    "quantity": "216.11",
    "type": "g"
  }
},
{
  "model": "hotel.stock",
  "pk": 44,
  "fields": {
    "ingredient_name": "Cheddar",
    "quantity": "86.18",
    "type": "l"
  }
},
{
  "model": "hotel.stock",
  "pk": 45,
  "fields": {
    "ingredient_name": "Mozzarella",
    "quantity": "103.24",
    "type": "kg"
  }
},
{
  "model": "hotel.stock",
  "pk": 46,
  "fields": {
    "ingredient_name": "Goat Cheese",
    "quantity": "473.07",
    "type": "ml"
  }
},
{
  "model": "hotel.stock",
  "pk": 47,
  "fields": {
    "ingredient_name": "Yogurt",
    "quantity": "451.94",
    "type": "l"
  }
},
{
  "model": "hotel.stock",
  "pk": 48,
  "fields": {
    "ingredient_name": "Sour Cream",
    "quantity": "222.39",
    "type": "ml"
  }
},
{
  "model": "hotel.stock",
  "pk": 49,
  "fields": {
    "ingredient_name": "Milk",
    "quantity": "173.45",
    "type": "l"
  }
},
{
  "model": "hotel.stock",
  "pk": 50,
  "fields": {
    "ingredient_name": "Almond Milk",
    "quantity": "114.89",
    "type": "g"
  }
},
{
  "model": "hotel.stock",
  "pk": 51,
  "fields": {
    "ingredient_name": "Coconut Milk",
    "quantity": "96.45",
    "type": "l"
  }
},
{
  "model": "hotel.stock",
  "pk": 52,
  "fields": {
    "ingredient_name": "Olive Oil",
    "quantity": "232.01",
    "type": "l"
  }
},
{
  "model": "hotel.stock",
  "pk": 53,
  "fields": {
    "ingredient_name": "Canola Oil",
    "quantity": "62.71",
    "type": "ml"
  }
},
{
  "model": "hotel.stock",
  "pk": 54,
  "fields": {
    "ingredient_name": "Sesame Oil",
    "quantity": "164.02",
    "type": "ml"
  }
},
{
  "model": "hotel.stock",
  "pk": 55,
  "fields": {
    "ingredient_name": "Balsamic Vinegar",
    "quantity": "315.93",
    "type": "kg"
  }
},
{
  "model": "hotel.stock",
  "pk": 56,
  "fields": {
    "ingredient_name": "Soy Sauce",
    "quantity": "225.25",
    "type": "kg"
  }
},
{
  "model": "hotel.stock",
  "pk": 57,
  "fields": {
    "ingredient_name": "Honey",
    "quantity": "246.01",
    "type": "ml"
  }
},
{
  "model": "hotel.stock",
  "pk": 58,
  "fields": {
    "ingredient_name": "Maple Syrup",
    "quantity": "170.81",
    "type": "ml"
  }
},
{
  "model": "hotel.stock",
  "pk": 59,
  "fields": {
    "ingredient_name": "Mustard",
    "quantity": "427.61",
    "type": "kg"
  }
},
{
  "model": "hotel.stock",
  "pk": 60,
  "fields": {
    "ingredient_name": "Mayonnaise",
    "quantity": "179.83",
    "type": "g"
  }
},
{
  "model": "hotel.stock",
  "pk": 61,
  "fields": {
    "ingredient_name": "Ketchup",
    "quantity": "406.69",
    "type": "g"
  }
},
{
  "model": "hotel.stock",
  "pk": 62,
  "fields": {
    "ingredient_name": "Salsa",
    "quantity": "218.74",
    "type": "l"
  }
},
{
  "model": "hotel.stock",
  "pk": 63,
  "fields": {
    "ingredient_name": "Guacamole",
    "quantity": "468.45",
    "type": "g"
  }
},
{
  "model": "hotel.stock",
  "pk": 64,
  "fields": {
    "ingredient_name": "Pesto",
    "quantity": "404.66",
    "type": "ml"
  }
},
{
  "model": "hotel.stock",
  "pk": 65,
  "fields": {
    "ingredient_name": "Peanut Butter",
    "quantity": "212.28",
    "type": "g"
  }
},
{
  "model": "hotel.stock",
  "pk": 66,
  "fields": {
    "ingredient_name": "Almonds",
    "quantity": "363.35",
    "type": "g"
  }
},
{
  "model": "hotel.stock",
  "pk": 67,
  "fields": {
    "ingredient_name": "Walnuts",
    "quantity": "75.60",
    "type": "kg"
  }
},
{
  "model": "hotel.stock",
  "pk": 68,
  "fields": {
    "ingredient_name": "Cashews",
    "quantity": "310.40",
    "type": "ml"
  }
},
{
  "model": "hotel.stock",
  "pk": 69,
  "fields": {
    "ingredient_name": "Pine Nuts",
    "quantity": "330.44",
    "type": "g"
  }
},
{
  "model": "hotel.stock",
  "pk": 70,
  "fields": {
    "ingredient_name": "Sunflower Seeds",
    "quantity": "404.55",
    "type": "ml"
  }
},
{
  "model": "hotel.stock",
  "pk": 71,
  "fields": {
    "ingredient_name": "Chia Seeds",
    "quantity": "433.09",
    "type": "kg"
  }
},
{
  "model": "hotel.stock",
  "pk": 72,
  "fields": {
    "ingredient_name": "Flaxseeds",
    "quantity": "409.90",
    "type": "g"
  }
},
{
  "model": "hotel.stock",
  "pk": 73,
  "fields": {
    "ingredient_name": "Cinnamon",
    "quantity": "185.53",
    "type": "l"
  }
},
{
  "model": "hotel.stock",
  "pk": 74,
  "fields": {
    "ingredient_name": "Cumin",
    "quantity": "296.40",
    "type": "ml"
  }
},
{
  "model": "hotel.stock",
  "pk": 75,
  "fields": {
    "ingredient_name": "Paprika",
    "quantity": "267.78",
    "type": "ml"
  }
},
{
  "model": "hotel.stock",
  "pk": 76,
  "fields": {
    "ingredient_name": "Turmeric",
    "quantity": "271.50",
    "type": "l"
  }
},
{
  "model": "hotel.stock",
  "pk": 77,
  "fields": {
    "ingredient_name": "Ginger",
    "quantity": "340.25",
    "type": "ml"
  }
},
{
  "model": "hotel.stock",
  "pk": 78,
  "fields": {
    "ingredient_name": "Chili Powder",
    "quantity": "264.34",
    "type": "kg"
  }
},
{
  "model": "hotel.stock",
  "pk": 79,
  "fields": {
    "ingredient_name": "Vanilla Extract",
    "quantity": "370.39",
    "type": "kg"
  }
},
{
  "model": "hotel.stock",
  "pk": 80,
  "fields": {
    "ingredient_name": "Chocolate Chips",
    "quantity": "425.72",
    "type": "g"
  }
},
{
  "model": "hotel.stock",
  "pk": 81,
  "fields": {
    "ingredient_name": "Dijon Mustard",
    "quantity": "217.93",
    "type": "g"
  }
},
{
  "model": "hotel.stock",
  "pk": 82,
  "fields": {
    "ingredient_name": "Worcestershire Sauce",
    "quantity": "327.85",
    "type": "g"
  }
},
{
  "model": "hotel.stock",
  "pk": 83,
  "fields": {
    "ingredient_name": "Cayenne Pepper",
    "quantity": "372.57",
    "type": "ml"
  }
},
{
  "model": "hotel.stock",
  "pk": 84,
  "fields": {
    "ingredient_name": "Coriander",
    "quantity": "374.70",
    "type": "kg"
  }
},
{
  "model": "hotel.stock",
  "pk": 85,
  "fields": {
    "ingredient_name": "Cocoa Powder",
    "quantity": "255.79",
    "type": "g"
  }
},
{
  "model": "hotel.stock",
  "pk": 86,
  "fields": {
    "ingredient_name": "Mint",
    "quantity": "85.72",
    "type": "ml"
  }
},
{
  "model": "hotel.stock",
  "pk": 87,
  "fields": {
    "ingredient_name": "Cranberries",
    "quantity": "288.90",
    "type": "g"
  }
},
{
  "model": "hotel.stock",
  "pk": 88,
  "fields": {
    "ingredient_name": "Blueberries",
    "quantity": "90.11",
    "type": "l"
  }
},
{
  "model": "hotel.stock",
  "pk": 89,
  "fields": {
    "ingredient_name": "Raspberries",
    "quantity": "353.07",
    "type": "ml"
  }
},
{
  "model": "hotel.stock",
  "pk": 90,
  "fields": {
    "ingredient_name": "Strawberries",
    "quantity": "236.76",
    "type": "ml"
  }
},
{
  "model": "hotel.stock",
  "pk": 91,
  "fields": {
    "ingredient_name": "Banana",
    "quantity": "241.92",
    "type": "ml"
  }
},
{
  "model": "hotel.stock",
  "pk": 92,
  "fields": {
    "ingredient_name": "Pineapple",
    "quantity": "271.64",
    "type": "kg"
  }
},
{
  "model": "hotel.stock",
  "pk": 93,
  "fields": {
    "ingredient_name": "Mango",
    "quantity": "359.86",
    "type": "l"
  }
},
{
  "model": "hotel.stock",
  "pk": 94,
  "fields": {
    "ingredient_name": "Peach",
    "quantity": "417.48",
    "type": "l"
  }
},
{
  "model": "hotel.ingredient",
  "pk": 1,
  "fields": {
    "recipe": 1,
    "stock": 1,
    "ingredients_measure": "42.95",
    "measure_type": "g"
  }
},
{
  "model": "hotel.ingredient",
  "pk": 2,
  "fields": {
    "recipe": 1,
    "stock": 2,
    "ingredients_measure": "95.88",
    "measure_type": "l"
  }
},
{
  "model": "hotel.ingredient",
  "pk": 3,
  "fields": {
    "recipe": 1,
    "stock": 5,
    "ingredients_measure": "79.44",
    "measure_type": "kg"
  }
},
{
  "model": "hotel.ingredient",
  "pk": 4,
  "fields": {
    "recipe": 1,
    "stock": 6,
    "ingredients_measure": "17.44",
    "measure_type": "ml"
  }
},
{
  "model": "hotel.ingredient",
  "pk": 5,
  "fields": {
    "recipe": 1,
    "stock": 8,
    "ingredients_measure": "12.11",
    "measure_type": "g"
  }
},
{
  "model": "hotel.ingredient",
  "pk": 6,
  "fields": {
    "recipe": 1,
    "stock": 9,
    "ingredients_measure": "92.23",
    "measure_type": "kg"
  }
},
{
  "model": "hotel.ingredient",
  "pk": 7,
  "fields": {
    "recipe": 1,
    "stock": 10,
    "ingredients_measure": "40.52",
    "measure_type": "ml"
  }
},
{
  "model": "hotel.ingredient",
  "pk": 8,
  "fields": {
    "recipe": 2,
    "stock": 9,
    "ingredients_measure": "35.47",
    "measure_type": "l"
  }
},
{
  "model": "hotel.ingredient",
  "pk": 9,
  "fields": {
    "recipe": 2,
    "stock": 10,
    "ingredients_measure": "33.85",
    "measure_type": "g"
  }
},
{
  "model": "hotel.ingredient",
  "pk": 10,
  "fields": {
    "recipe": 2,
    "stock": 12,
    "ingredients_measure": "33.70",
    "measure_type": "l"
  }
},
{
  "model": "hotel.ingredient",
  "pk": 11,
  "fields": {
    "recipe": 2,
    "stock": 13,
    "ingredients_measure": "29.04",
    "measure_type": "l"
  }
},
{
  "model": "hotel.ingredient",
  "pk": 12,
  "fields": {
    "recipe": 2,
    "stock": 14,
    "ingredients_measure": "87.31",
    "measure_type": "l"
  }
},
{
  "model": "hotel.ingredient",
  "pk": 13,
  "fields": {
    "recipe": 2,
    "stock": 15,
    "ingredients_measure": "43.81",
    "measure_type": "l"
  }
},
{
  "model": "hotel.ingredient",
  "pk": 14,
  "fields": {
    "recipe": 2,
    "stock": 16,
    "ingredients_measure": "46.66",
    "measure_type": "l"
  }
},
{
  "model": "hotel.ingredient",
  "pk": 15,
  "fields": {
    "recipe": 3,
    "stock": 3,
    "ingredients_measure": "51.51",
    "measure_type": "g"
  }
},
{
  "model": "hotel.ingredient",
  "pk": 16,
  "fields": {
    "recipe": 3,
    "stock": 9,
    "ingredients_measure": "53.77",
    "measure_type": "kg"
  }
},
{
  "model": "hotel.ingredient",
  "pk": 17,
  "fields": {
    "recipe": 3,
    "stock": 12,
    "ingredients_measure": "99.21",
    "measure_type": "g"
  }
},
{
  "model": "hotel.ingredient",
  "pk": 18,
  "fields": {
    "recipe": 3,
    "stock": 13,
    "ingredients_measure": "25.71",
    "measure_type": "l"
  }
},
{
  "model": "hotel.ingredient",
  "pk": 19,
  "fields": {
    "recipe": 3,
    "stock": 14,
    "ingredients_measure": "12.92",
    "measure_type": "g"
  }
},
{
  "model": "hotel.ingredient",
  "pk": 20,
  "fields": {
    "recipe": 3,
    "stock": 17,
    "ingredients_measure": "29.52",
    "measure_type": "kg"
  }
},
{
  "model": "hotel.ingredient",
  "pk": 21,
  "fields": {
    "recipe": 3,
    "stock": 18,
    "ingredients_measure": "18.04",
    "measure_type": "kg"
  }
},
{
  "model": "hotel.ingredient",
  "pk": 22,
  "fields": {
    "recipe": 4,
    "stock": 1,
    "ingredients_measure": "97.13",
    "measure_type": "l"
  }
},
{
  "model": "hotel.ingredient",
  "pk": 23,
  "fields": {
    "recipe": 4,
    "stock": 2,
    "ingredients_measure": "58.23",
    "measure_type": "l"
  }
},
{
  "model": "hotel.ingredient",
  "pk": 24,
  "fields": {
    "recipe": 4,
    "stock": 3,
    "ingredients_measure": "55.46",
    "measure_type": "kg"
  }
},
{
  "model": "hotel.ingredient",
  "pk": 25,
  "fields": {
    "recipe": 4,
    "stock": 4,
    "ingredients_measure": "36.81",
    "measure_type": "kg"
  }
},
{
  "model": "hotel.ingredient",
  "pk": 26,
  "fields": {
    "recipe": 4,
    "stock": 7,
    "ingredients_measure": "99.56",
    "measure_type": "kg"
  }
},
{
  "model": "hotel.ingredient",
  "pk": 27,
  "fields": {
    "recipe": 4,
    "stock": 13,
    "ingredients_measure": "99.70",
    "measure_type": "g"
  }
},
{
  "model": "hotel.ingredient",
  "pk": 28,
  "fields": {
    "recipe": 4,
    "stock": 14,
    "ingredients_measure": "78.28",
    "measure_type": "kg"
  }
},
{
  "model": "hotel.ingredient",
  "pk": 29,
  "fields": {
    "recipe": 5,
    "stock": 2,
    "ingredients_measure": "45.05",
    "measure_type": "kg"
  }
},
{
  "model": "hotel.ingredient",
  "pk": 30,
  "fields": {
    "recipe": 5,
    "stock": 3,
    "ingredients_measure": "56.72",
    "measure_type": "ml"
  }
},
{
  "model": "hotel.ingredient",
  "pk": 31,
  "fields": {
    "recipe": 5,
    "stock": 4,
    "ingredients_measure": "48.93",
    "measure_type": "kg"
  }
},
{
  "model": "hotel.ingredient",
  "pk": 32,
  "fields": {
    "recipe": 5,
    "stock": 5,
    "ingredients_measure": "49.09",
    "measure_type": "l"
  }
},
{
  "model": "hotel.ingredient",
  "pk": 33,
  "fields": {
    "recipe": 5,
    "stock": 6,
    "ingredients_measure": "93.33",
    "measure_type": "kg"
  }
},
{
  "model": "hotel.ingredient",
  "pk": 34,
  "fields": {
    "recipe": 5,
    "stock": 7,
    "ingredients_measure": "59.05",
    "measure_type": "ml"
  }
},
{
  "model": "hotel.ingredient",
  "pk": 35,
  "fields": {
    "recipe": 5,
    "stock": 8,
    "ingredients_measure": "62.07",
    "measure_type": "g"
  }
},
{
  "model": "hotel.ingredient",
  "pk": 36,
  "fields": {
    "recipe": 6,
    "stock": 2,
    "ingredients_measure": "37.59",
    "measure_type": "ml"
  }
},
{
  "model": "hotel.ingredient",
  "pk": 37,
  "fields": {
    "recipe": 6,
    "stock": 4,
    "ingredients_measure": "96.50",
    "measure_type": "kg"
  }
},
{
  "model": "hotel.ingredient",
  "pk": 38,
  "fields": {
    "recipe": 6,
    "stock": 5,
    "ingredients_measure": "92.58",
    "measure_type": "ml"
  }
},
{
  "model": "hotel.ingredient",
  "pk": 39,
  "fields": {
    "recipe": 6,
    "stock": 6,
    "ingredients_measure": "82.18",
    "measure_type": "g"
  }
},
{
  "model": "hotel.ingredient",
  "pk": 40,
  "fields": {
    "recipe": 6,
    "stock": 7,
    "ingredients_measure": "43.97",
    "measure_type": "kg"
  }
},
{
  "model": "hotel.ingredient",
  "pk": 41,
  "fields": {
    "recipe": 6,
    "stock": 9,
    "ingredients_measure": "49.58",
    "measure_type": "kg"
  }
},
{
  "model": "hotel.ingredient",
  "pk": 42,
  "fields": {
    "recipe": 6,
    "stock": 10,
    "ingredients_measure": "67.14",
    "measure_type": "l"
  }
},
{
  "model": "hotel.ingredient",
  "pk": 43,
  "fields": {
    "recipe": 7,
    "stock": 2,
    "ingredients_measure": "48.85",
    "measure_type": "g"
  }
},
{
  "model": "hotel.ingredient",
  "pk": 44,
  "fields": {
    "recipe": 7,
    "stock": 4,
    "ingredients_measure": "39.29",
    "measure_type": "l"
  }
},
{
  "model": "hotel.ingredient",
  "pk": 45,
  "fields": {
    "recipe": 7,
    "stock": 5,
    "ingredients_measure": "36.19",
    "measure_type": "l"
  }
},
{
  "model": "hotel.ingredient",
  "pk": 46,
  "fields": {
    "recipe": 7,
    "stock": 7,
    "ingredients_measure": "63.96",
    "measure_type": "kg"
  }
},
{
  "model": "hotel.ingredient",
  "pk": 47,
  "fields": {
    "recipe": 7,
    "stock": 10,
    "ingredients_measure": "48.30",
    "measure_type": "kg"
  }
},
{
  "model": "hotel.ingredient",
  "pk": 48,
  "fields": {
    "recipe": 7,
    "stock": 11,
    "ingredients_measure": "16.40",
    "measure_type": "g"
  }
},
{
  "model": "hotel.ingredient",
  "pk": 49,
  "fields": {
    "recipe": 7,
    "stock": 12,
    "ingredients_measure": "21.18",
    "measure_type": "l"
  }
},
{
  "model": "hotel.ingredient",
  "pk": 50,
  "fields": {
    "recipe": 8,
    "stock": 3,
    "ingredients_measure": "21.84",
    "measure_type": "l"
  }
},
{
  "model": "hotel.ingredient",
  "pk": 51,
  "fields": {
    "recipe": 8,
    "stock": 6,
    "ingredients_measure": "32.38",
    "measure_type": "g"
  }
},
{
  "model": "hotel.ingredient",
  "pk": 52,
  "fields": {
    "recipe": 8,
    "stock": 8,
    "ingredients_measure": "65.65",
    "measure_type": "g"
  }
},
{
  "model": "hotel.ingredient",
  "pk": 53,
  "fields": {
    "recipe": 8,
    "stock": 12,
    "ingredients_measure": "59.85",
    "measure_type": "l"
  }
},
{
  "model": "hotel.ingredient",
  "pk": 54,
  "fields": {
    "recipe": 8,
    "stock": 13,
    "ingredients_measure": "94.95",
    "measure_type": "ml"
  }
},
{
  "model": "hotel.ingredient",
  "pk": 55,
  "fields": {
    "recipe": 8,
    "stock": 14,
    "ingredients_measure": "81.70",
    "measure_type": "g"
  }
},
{
  "model": "hotel.ingredient",
  "pk": 56,
  "fields": {
    "recipe": 8,
    "stock": 17,
    "ingredients_measure": "54.35",
    "measure_type": "kg"
  }
},
{
  "model": "hotel.ingredient",
  "pk": 57,
  "fields": {
    "recipe": 9,
    "stock": 1,
    "ingredients_measure": "46.42",
    "measure_type": "l"
  }
},
{
  "model": "hotel.ingredient",
  "pk": 58,
  "fields": {
    "recipe": 9,
    "stock": 5,
    "ingredients_measure": "38.14",
    "measure_type": "g"
  }
},
{
  "model": "hotel.ingredient",
  "pk": 59,
  "fields": {
    "recipe": 9,
    "stock": 7,
    "ingredients_measure": "39.55",
    "measure_type": "ml"
  }
},
{
  "model": "hotel.ingredient",
  "pk": 60,
  "fields": {
    "recipe": 9,
    "stock": 8,
    "ingredients_measure": "35.59",
    "measure_type": "ml"
  }
},
{
  "model": "hotel.ingredient",
  "pk": 61,
  "fields": {
    "recipe": 9,
    "stock": 9,
    "ingredients_measure": "34.98",
    "measure_type": "ml"
  }
},
{
  "model": "hotel.ingredient",
  "pk": 62,
  "fields": {
    "recipe": 9,
    "stock": 13,
    "ingredients_measure": "12.21",
    "measure_type": "ml"
  }
},
{
  "model": "hotel.ingredient",
  "pk": 63,
  "fields": {
    "recipe": 9,
    "stock": 15,
    "ingredients_measure": "74.02",
    "measure_type": "ml"
  }
},
{
  "model": "hotel.ingredient",
  "pk": 64,
  "fields": {
    "recipe": 10,
    "stock": 2,
    "ingredients_measure": "77.95",
    "measure_type": "kg"
  }
},
{
  "model": "hotel.ingredient",
  "pk": 65,
  "fields": {
    "recipe": 10,
    "stock": 4,
    "ingredients_measure": "18.01",
    "measure_type": "kg"
  }
},
{
  "model": "hotel.ingredient",
  "pk": 66,
  "fields": {
    "recipe": 10,
    "stock": 5,
    "ingredients_measure": "54.64",
    "measure_type": "kg"
  }
},
{
  "model": "hotel.ingredient",
  "pk": 67,
  "fields": {
    "recipe": 10,
    "stock": 6,
    "ingredients_measure": "99.77",
    "measure_type": "g"
  }
},
{
  "model": "hotel.ingredient",
  "pk": 68,
  "fields": {
    "recipe": 10,
    "stock": 8,
    "ingredients_measure": "24.31",
    "measure_type": "ml"
  }
},
{
  "model": "hotel.ingredient",
  "pk": 69,
  "fields": {
    "recipe": 10,
    "stock": 10,
    "ingredients_measure": "64.56",
    "measure_type": "kg"
  }
},
{
  "model": "hotel.ingredient",
  "pk": 70,
  "fields": {
    "recipe": 10,
    "stock": 12,
    "ingredients_measure": "95.82",
    "measure_type": "g"
  }
},
{
  "model": "hotel.ingredient",
  "pk": 71,
  "fields": {
    "recipe": 11,
    "stock": 2,
    "ingredients_measure": "36.66",
    "measure_type": "g"
  }
},
{
  "model": "hotel.ingredient",
  "pk": 72,
  "fields": {
    "recipe": 11,
    "stock": 3,
    "ingredients_measure": "73.90",
    "measure_type": "kg"
  }
},
{
  "model": "hotel.ingredient",
  "pk": 73,
  "fields": {
    "recipe": 11,
    "stock": 7,
    "ingredients_measure": "22.24",
    "measure_type": "l"
  }
},
{
  "model": "hotel.ingredient",
  "pk": 74,
  "fields": {
    "recipe": 11,
    "stock": 11,
    "ingredients_measure": "31.15",
    "measure_type": "l"
  }
},
{
  "model": "hotel.ingredient",
  "pk": 75,
  "fields": {
    "recipe": 11,
    "stock": 12,
    "ingredients_measure": "32.07",
    "measure_type": "l"
  }
},
{
  "model": "hotel.ingredient",
  "pk": 76,
  "fields": {
    "recipe": 11,
    "stock": 13,
    "ingredients_measure": "34.51",
    "measure_type": "kg"
  }
},
{
  "model": "hotel.ingredient",
  "pk": 77,
  "fields": {
    "recipe": 11,
    "stock": 14,
    "ingredients_measure": "77.56",
    "measure_type": "l"
  }
},
{
  "model": "hotel.ingredient",
  "pk": 78,
  "fields": {
    "recipe": 12,
    "stock": 3,
    "ingredients_measure": "38.24",
    "measure_type": "g"
  }
},
{
  "model": "hotel.ingredient",
  "pk": 79,
  "fields": {
    "recipe": 12,
    "stock": 5,
    "ingredients_measure": "83.64",
    "measure_type": "kg"
  }
},
{
  "model": "hotel.ingredient",
  "pk": 80,
  "fields": {
    "recipe": 12,
    "stock": 9,
    "ingredients_measure": "38.12",
    "measure_type": "ml"
  }
},
{
  "model": "hotel.ingredient",
  "pk": 81,
  "fields": {
    "recipe": 12,
    "stock": 10,
    "ingredients_measure": "87.48",
    "measure_type": "l"
  }
},
{
  "model": "hotel.ingredient",
  "pk": 82,
  "fields": {
    "recipe": 12,
    "stock": 12,
    "ingredients_measure": "57.38",
    "measure_type": "g"
  }
},
{
  "model": "hotel.ingredient",
  "pk": 83,
  "fields": {
    "recipe": 12,
    "stock": 13,
    "ingredients_measure": "38.80",
    "measure_type": "kg"
  }
},
{
  "model": "hotel.ingredient",
  "pk": 84,
  "fields": {
    "recipe": 12,
    "stock": 14,
    "ingredients_measure": "11.19",
    "measure_type": "ml"
  }
},
{
  "model": "hotel.ingredient",
  "pk": 85,
  "fields": {
    "recipe": 13,
    "stock": 1,
    "ingredients_measure": "50.71",
    "measure_type": "g"
  }
},
{
  "model": "hotel.ingredient",
  "pk": 86,
  "fields": {
    "recipe": 13,
    "stock": 6,
    "ingredients_measure": "17.39",
    "measure_type": "g"
  }
},
{
  "model": "hotel.ingredient",
  "pk": 87,
  "fields": {
    "recipe": 13,
    "stock": 8,
    "ingredients_measure": "37.79",
    "measure_type": "kg"
  }
},
{
  "model": "hotel.ingredient",
  "pk": 88,
  "fields": {
    "recipe": 13,
    "stock": 14,
    "ingredients_measure": "75.29",
    "measure_type": "kg"
  }
},
{
  "model": "hotel.ingredient",
  "pk": 89,
  "fields": {
    "recipe": 13,
    "stock": 15,
    "ingredients_measure": "62.44",
    "measure_type": "l"
  }
},
{
  "model": "hotel.ingredient",
  "pk": 90,
  "fields": {
    "recipe": 13,
    "stock": 16,
    "ingredients_measure": "55.91",
    "measure_type": "l"
  }
},
{
  "model": "hotel.ingredient",
  "pk": 91,
  "fields": {
    "recipe": 13,
    "stock": 20,
    "ingredients_measure": "49.20",
    "measure_type": "l"
  }
},
{
  "model": "hotel.ingredient",
  "pk": 92,
  "fields": {
    "recipe": 14,
    "stock": 1,
    "ingredients_measure": "27.17",
    "measure_type": "l"
  }
},
{
  "model": "hotel.ingredient",
  "pk": 93,
  "fields": {
    "recipe": 14,
    "stock": 3,
    "ingredients_measure": "80.48",
    "measure_type": "l"
  }
},
{
  "model": "hotel.ingredient",
  "pk": 94,
  "fields": {
    "recipe": 14,
    "stock": 8,
    "ingredients_measure": "74.42",
    "measure_type": "l"
  }
},
{
  "model": "hotel.ingredient",
  "pk": 95,
  "fields": {
    "recipe": 14,
    "stock": 9,
    "ingredients_measure": "21.52",
    "measure_type": "kg"
  }
},
{
  "model": "hotel.ingredient",
  "pk": 96,
  "fields": {
    "recipe": 14,
    "stock": 13,
    "ingredients_measure": "21.54",
    "measure_type": "l"
  }
},
{
  "model": "hotel.ingredient",
  "pk": 97,
  "fields": {
    "recipe": 14,
    "stock": 14,
    "ingredients_measure": "94.43",
    "measure_type": "l"
  }
},
{
  "model": "hotel.ingredient",
  "pk": 98,
  "fields": {
    "recipe": 14,
    "stock": 16,
    "ingredients_measure": "59.10",
    "measure_type": "g"
  }
},
{
  "model": "hotel.ingredient",
  "pk": 99,
  "fields": {
    "recipe": 15,
    "stock": 5,
    "ingredients_measure": "54.44",
    "measure_type": "g"
  }
},
{
  "model": "hotel.ingredient",
  "pk": 100,
  "fields": {
    "recipe": 15,
    "stock": 6,
    "ingredients_measure": "24.54",
    "measure_type": "ml"
  }
},
{
  "model": "hotel.ingredient",
  "pk": 101,
  "fields": {
    "recipe": 15,
    "stock": 9,
    "ingredients_measure": "44.26",
    "measure_type": "g"
  }
},
{
  "model": "hotel.ingredient",
  "pk": 102,
  "fields": {
    "recipe": 15,
    "stock": 10,
    "ingredients_measure": "58.00",
    "measure_type": "kg"
  }
},
{
  "model": "hotel.ingredient",
  "pk": 103,
  "fields": {
    "recipe": 15,
    "stock": 11,
    "ingredients_measure": "72.36",
    "measure_type": "l"
  }
},
{
  "model": "hotel.ingredient",
  "pk": 104,
  "fields": {
    "recipe": 15,
    "stock": 14,
    "ingredients_measure": "41.69",
    "measure_type": "kg"
  }
},
{
  "model": "hotel.ingredient",
  "pk": 105,
  "fields": {
    "recipe": 15,
    "stock": 15,
    "ingredients_measure": "23.18",
    "measure_type": "kg"
  }
},
{
  "model": "hotel.ingredient",
  "pk": 106,
  "fields": {
    "recipe": 16,
    "stock": 1,
    "ingredients_measure": "65.75",
    "measure_type": "ml"
  }
},
{
  "model": "hotel.ingredient",
  "pk": 107,
  "fields": {
    "recipe": 16,
    "stock": 2,
    "ingredients_measure": "90.12",
    "measure_type": "ml"
  }
},
{
  "model": "hotel.ingredient",
  "pk": 108,
  "fields": {
    "recipe": 16,
    "stock": 3,
    "ingredients_measure": "82.39",
    "measure_type": "kg"
  }
},
{
  "model": "hotel.ingredient",
  "pk": 109,
  "fields": {
    "recipe": 16,
    "stock": 7,
    "ingredients_measure": "13.41",
    "measure_type": "kg"
  }
},
{
  "model": "hotel.ingredient",
  "pk": 110,
  "fields": {
    "recipe": 16,
    "stock": 9,
    "ingredients_measure": "48.81",
    "measure_type": "g"
  }
},
{
  "model": "hotel.ingredient",
  "pk": 111,
  "fields": {
    "recipe": 16,
    "stock": 12,
    "ingredients_measure": "55.09",
    "measure_type": "kg"
  }
},
{
  "model": "hotel.ingredient",
  "pk": 112,
  "fields": {
    "recipe": 16,
    "stock": 14,
    "ingredients_measure": "42.73",
    "measure_type": "l"
  }
},
{
  "model": "hotel.ingredient",
  "pk": 113,
  "fields": {
    "recipe": 17,
    "stock": 2,
    "ingredients_measure": "23.23",
    "measure_type": "g"
  }
},
{
  "model": "hotel.ingredient",
  "pk": 114,
  "fields": {
    "recipe": 17,
    "stock": 3,
    "ingredients_measure": "91.33",
    "measure_type": "l"
  }
},
{
  "model": "hotel.ingredient",
  "pk": 115,
  "fields": {
    "recipe": 17,
    "stock": 4,
    "ingredients_measure": "95.30",
    "measure_type": "ml"
  }
},
{
  "model": "hotel.ingredient",
  "pk": 116,
  "fields": {
    "recipe": 17,
    "stock": 5,
    "ingredients_measure": "76.42",
    "measure_type": "ml"
  }
},
{
  "model": "hotel.ingredient",
  "pk": 117,
  "fields": {
    "recipe": 17,
    "stock": 7,
    "ingredients_measure": "11.75",
    "measure_type": "ml"
  }
},
{
  "model": "hotel.ingredient",
  "pk": 118,
  "fields": {
    "recipe": 17,
    "stock": 12,
    "ingredients_measure": "76.93",
    "measure_type": "g"
  }
},
{
  "model": "hotel.ingredient",
  "pk": 119,
  "fields": {
    "recipe": 17,
    "stock": 14,
    "ingredients_measure": "65.76",
    "measure_type": "g"
  }
},
{
  "model": "hotel.ingredient",
  "pk": 120,
  "fields": {
    "recipe": 18,
    "stock": 1,
    "ingredients_measure": "81.84",
    "measure_type": "l"
  }
},
{
  "model": "hotel.ingredient",
  "pk": 121,
  "fields": {
    "recipe": 18,
    "stock": 2,
    "ingredients_measure": "94.48",
    "measure_type": "ml"
  }
},
{
  "model": "hotel.ingredient",
  "pk": 122,
  "fields": {
    "recipe": 18,
    "stock": 3,
    "ingredients_measure": "29.55",
    "measure_type": "ml"
  }
},
{
  "model": "hotel.ingredient",
  "pk": 123,
  "fields": {
    "recipe": 18,
    "stock": 4,
    "ingredients_measure": "21.17",
    "measure_type": "kg"
  }
},
{
  "model": "hotel.ingredient",
  "pk": 124,
  "fields": {
    "recipe": 18,
    "stock": 6,
    "ingredients_measure": "98.87",
    "measure_type": "ml"
  }
},
{
  "model": "hotel.ingredient",
  "pk": 125,
  "fields": {
    "recipe": 18,
    "stock": 8,
    "ingredients_measure": "32.91",
    "measure_type": "l"
  }
},
{
  "model": "hotel.ingredient",
  "pk": 126,
  "fields": {
    "recipe": 18,
    "stock": 11,
    "ingredients_measure": "24.18",
    "measure_type": "l"
  }
},
{
  "model": "hotel.ingredient",
  "pk": 127,
  "fields": {
    "recipe": 19,
    "stock": 2,
    "ingredients_measure": "99.92",
    "measure_type": "g"
  }
},
{
  "model": "hotel.ingredient",
  "pk": 128,
  "fields": {
    "recipe": 19,
    "stock": 3,
    "ingredients_measure": "37.31",
    "measure_type": "kg"
  }
},
{
  "model": "hotel.ingredient",
  "pk": 129,
  "fields": {
    "recipe": 19,
    "stock": 5,
    "ingredients_measure": "38.57",
    "measure_type": "g"
  }
},
{
  "model": "hotel.ingredient",
  "pk": 130,
  "fields": {
    "recipe": 19,
    "stock": 6,
    "ingredients_measure": "65.77",
    "measure_type": "g"
  }
},
{
  "model": "hotel.ingredient",
  "pk": 131,
  "fields": {
    "recipe": 19,
    "stock": 7,
    "ingredients_measure": "76.02",
    "measure_type": "g"
  }
},
{
  "model": "hotel.ingredient",
  "pk": 132,
  "fields": {
    "recipe": 19,
    "stock": 11,
    "ingredients_measure": "51.14",
    "measure_type": "ml"
  }
},
{
  "model": "hotel.ingredient",
  "pk": 133,
  "fields": {
    "recipe": 19,
    "stock": 16,
    "ingredients_measure": "58.33",
    "measure_type": "g"
  }
},
{
  "model": "hotel.ingredient",
  "pk": 134,
  "fields": {
    "recipe": 20,
    "stock": 5,
    "ingredients_measure": "68.59",
    "measure_type": "g"
  }
},
{
  "model": "hotel.ingredient",
  "pk": 135,
  "fields": {
    "recipe": 20,
    "stock": 7,
    "ingredients_measure": "40.26",
    "measure_type": "ml"
  }
},
{
  "model": "hotel.ingredient",
  "pk": 136,
  "fields": {
    "recipe": 20,
    "stock": 13,
    "ingredients_measure": "60.59",
    "measure_type": "g"
  }
},
{
  "model": "hotel.ingredient",
  "pk": 137,
  "fields": {
    "recipe": 20,
    "stock": 18,
    "ingredients_measure": "42.16",
    "measure_type": "ml"
  }
},
{
  "model": "hotel.ingredient",
  "pk": 138,
  "fields": {
    "recipe": 20,
    "stock": 19,
    "ingredients_measure": "93.92",
    "measure_type": "kg"
  }
},
{
  "model": "hotel.ingredient",
  "pk": 139,
  "fields": {
    "recipe": 20,
    "stock": 20,
    "ingredients_measure": "47.05",
    "measure_type": "l"
  }
},
{
  "model": "hotel.ingredient",
  "pk": 140,
  "fields": {
    "recipe": 20,
    "stock": 21,
    "ingredients_measure": "59.39",
    "measure_type": "g"
  }
},
{
  "model": "hotel.ingredient",
  "pk": 141,
  "fields": {
    "recipe": 21,
    "stock": 4,
    "ingredients_measure": "55.04",
    "measure_type": "l"
  }
},
{
  "model": "hotel.ingredient",
  "pk": 142,
  "fields": {
    "recipe": 21,
    "stock": 5,
    "ingredients_measure": "55.88",
    "measure_type": "g"
  }
},
{
  "model": "hotel.ingredient",
  "pk": 143,
  "fields": {
    "recipe": 21,
    "stock": 6,
    "ingredients_measure": "18.76",
    "measure_type": "ml"
  }
},
{
  "model": "hotel.ingredient",
  "pk": 144,
  "fields": {
    "recipe": 21,
    "stock": 7,
    "ingredients_measure": "12.07",
    "measure_type": "kg"
  }
},
{
  "model": "hotel.ingredient",
  "pk": 145,
  "fields": {
    "recipe": 21,
    "stock": 9,
    "ingredients_measure": "25.81",
    "measure_type": "g"
  }
},
{
  "model": "hotel.ingredient",
  "pk": 146,
  "fields": {
    "recipe": 21,
    "stock": 10,
    "ingredients_measure": "39.67",
    "measure_type": "ml"
  }
},
{
  "model": "hotel.ingredient",
  "pk": 147,
  "fields": {
    "recipe": 21,
    "stock": 12,
    "ingredients_measure": "60.90",
    "measure_type": "ml"
  }
},
{
  "model": "hotel.ingredient",
  "pk": 148,
  "fields": {
    "recipe": 22,
    "stock": 2,
    "ingredients_measure": "20.53",
    "measure_type": "ml"
  }
},
{
  "model": "hotel.ingredient",
  "pk": 149,
  "fields": {
    "recipe": 22,
    "stock": 5,
    "ingredients_measure": "50.57",
    "measure_type": "ml"
  }
},
{
  "model": "hotel.ingredient",
  "pk": 150,
  "fields": {
    "recipe": 22,
    "stock": 6,
    "ingredients_measure": "27.15",
    "measure_type": "ml"
  }
},
{
  "model": "hotel.ingredient",
  "pk": 151,
  "fields": {
    "recipe": 22,
    "stock": 7,
    "ingredients_measure": "15.82",
    "measure_type": "ml"
  }
},
{
  "model": "hotel.ingredient",
  "pk": 152,
  "fields": {
    "recipe": 22,
    "stock": 8,
    "ingredients_measure": "64.73",
    "measure_type": "kg"
  }
},
{
  "model": "hotel.ingredient",
  "pk": 153,
  "fields": {
    "recipe": 22,
    "stock": 9,
    "ingredients_measure": "29.51",
    "measure_type": "kg"
  }
},
{
  "model": "hotel.ingredient",
  "pk": 154,
  "fields": {
    "recipe": 22,
    "stock": 12,
    "ingredients_measure": "50.09",
    "measure_type": "kg"
  }
},
{
  "model": "hotel.ingredient",
  "pk": 155,
  "fields": {
    "recipe": 23,
    "stock": 1,
    "ingredients_measure": "16.89",
    "measure_type": "l"
  }
},
{
  "model": "hotel.ingredient",
  "pk": 156,
  "fields": {
    "recipe": 23,
    "stock": 4,
    "ingredients_measure": "31.82",
    "measure_type": "l"
  }
},
{
  "model": "hotel.ingredient",
  "pk": 157,
  "fields": {
    "recipe": 23,
    "stock": 5,
    "ingredients_measure": "16.29",
    "measure_type": "kg"
  }
},
{
  "model": "hotel.ingredient",
  "pk": 158,
  "fields": {
    "recipe": 23,
    "stock": 7,
    "ingredients_measure": "74.70",
    "measure_type": "g"
  }
},
{
  "model": "hotel.ingredient",
  "pk": 159,
  "fields": {
    "recipe": 23,
    "stock": 9,
    "ingredients_measure": "45.42",
    "measure_type": "kg"
  }
},
{
  "model": "hotel.ingredient",
  "pk": 160,
  "fields": {
    "recipe": 23,
    "stock": 10,
    "ingredients_measure": "81.21",
    "measure_type": "kg"
  }
},
{
  "model": "hotel.ingredient",
  "pk": 161,
  "fields": {
    "recipe": 23,
    "stock": 12,
    "ingredients_measure": "61.90",
    "measure_type": "l"
  }
},
{
  "model": "hotel.ingredient",
  "pk": 162,
  "fields": {
    "recipe": 24,
    "stock": 1,
    "ingredients_measure": "18.02",
    "measure_type": "g"
  }
},
{
  "model": "hotel.ingredient",
  "pk": 163,
  "fields": {
    "recipe": 24,
    "stock": 4,
    "ingredients_measure": "43.05",
    "measure_type": "ml"
  }
},
{
  "model": "hotel.ingredient",
  "pk": 164,
  "fields": {
    "recipe": 24,
    "stock": 6,
    "ingredients_measure": "67.89",
    "measure_type": "kg"
  }
},
{
  "model": "hotel.ingredient",
  "pk": 165,
  "fields": {
    "recipe": 24,
    "stock": 8,
    "ingredients_measure": "92.78",
    "measure_type": "l"
  }
},
{
  "model": "hotel.ingredient",
  "pk": 166,
  "fields": {
    "recipe": 24,
    "stock": 10,
    "ingredients_measure": "83.80",
    "measure_type": "kg"
  }
},
{
  "model": "hotel.ingredient",
  "pk": 167,
  "fields": {
    "recipe": 24,
    "stock": 11,
    "ingredients_measure": "71.93",
    "measure_type": "l"
  }
},
{
  "model": "hotel.ingredient",
  "pk": 168,
  "fields": {
    "recipe": 24,
    "stock": 13,
    "ingredients_measure": "79.49",
    "measure_type": "ml"
  }
},
{
  "model": "hotel.ingredient",
  "pk": 169,
  "fields": {
    "recipe": 25,
    "stock": 9,
    "ingredients_measure": "85.82",
    "measure_type": "kg"
  }
},
{
  "model": "hotel.ingredient",
  "pk": 170,
  "fields": {
    "recipe": 25,
    "stock": 11,
    "ingredients_measure": "76.93",
    "measure_type": "kg"
  }
},
{
  "model": "hotel.ingredient",
  "pk": 171,
  "fields": {
    "recipe": 25,
    "stock": 12,
    "ingredients_measure": "65.41",
    "measure_type": "g"
  }
},
{
  "model": "hotel.ingredient",
  "pk": 172,
  "fields": {
    "recipe": 25,
    "stock": 13,
    "ingredients_measure": "72.01",
    "measure_type": "kg"
  }
},
{
  "model": "hotel.ingredient",
  "pk": 173,
  "fields": {
    "recipe": 25,
    "stock": 15,
    "ingredients_measure": "54.10",
    "measure_type": "kg"
  }
},
{
  "model": "hotel.ingredient",
  "pk": 174,
  "fields": {
    "recipe": 25,
    "stock": 16,
    "ingredients_measure": "95.70",
    "measure_type": "l"
  }
},
{
  "model": "hotel.ingredient",
  "pk": 175,
  "fields": {
    "recipe": 25,
    "stock": 20,
    "ingredients_measure": "48.60",
    "measure_type": "kg"
  }
},
{
  "model": "hotel.ingredient",
  "pk": 176,
  "fields": {
    "recipe": 26,
    "stock": 1,
    "ingredients_measure": "49.84",
    "measure_type": "g"
  }
},
{
  "model": "hotel.ingredient",
  "pk": 177,
  "fields": {
    "recipe": 26,
    "stock": 3,
    "ingredients_measure": "44.98",
    "measure_type": "l"
  }
},
{
  "model": "hotel.ingredient",
  "pk": 178,
  "fields": {
    "recipe": 26,
    "stock": 6,
    "ingredients_measure": "71.24",
    "measure_type": "g"
  }
},
{
  "model": "hotel.ingredient",
  "pk": 179,
  "fields": {
    "recipe": 26,
    "stock": 8,
    "ingredients_measure": "59.68",
    "measure_type": "g"
  }
},
{
  "model": "hotel.ingredient",
  "pk": 180,
  "fields": {
    "recipe": 26,
    "stock": 11,
    "ingredients_measure": "24.22",
    "measure_type": "kg"
  }
},
{
  "model": "hotel.ingredient",
  "pk": 181,
  "fields": {
    "recipe": 26,
    "stock": 12,
    "ingredients_measure": "82.48",
    "measure_type": "l"
  }
},
{
  "model": "hotel.ingredient",
  "pk": 182,
  "fields": {
    "recipe": 26,
    "stock": 15,
    "ingredients_measure": "15.07",
    "measure_type": "l"
  }
},
{
  "model": "hotel.ingredient",
  "pk": 183,
  "fields": {
    "recipe": 27,
    "stock": 1,
    "ingredients_measure": "55.33",
    "measure_type": "l"
  }
},
{
  "model": "hotel.ingredient",
  "pk": 184,
  "fields": {
    "recipe": 27,
    "stock": 11,
    "ingredients_measure": "75.02",
    "measure_type": "g"
  }
},
{
  "model": "hotel.ingredient",
  "pk": 185,
  "fields": {
    "recipe": 27,
    "stock": 14,
    "ingredients_measure": "49.78",
    "measure_type": "l"
  }
},
{
  "model": "hotel.ingredient",
  "pk": 186,
  "fields": {
    "recipe": 27,
    "stock": 17,
    "ingredients_measure": "26.74",
    "measure_type": "g"
  }
},
{
  "model": "hotel.ingredient",
  "pk": 187,
  "fields": {
    "recipe": 27,
    "stock": 22,
    "ingredients_measure": "43.70",
    "measure_type": "g"
  }
},
{
  "model": "hotel.ingredient",
  "pk": 188,
  "fields": {
    "recipe": 27,
    "stock": 25,
    "ingredients_measure": "33.65",
    "measure_type": "ml"
  }
},
{
  "model": "hotel.ingredient",
  "pk": 189,
  "fields": {
    "recipe": 27,
    "stock": 26,
    "ingredients_measure": "81.14",
    "measure_type": "l"
  }
},
{
  "model": "hotel.ingredient",
  "pk": 190,
  "fields": {
    "recipe": 28,
    "stock": 1,
    "ingredients_measure": "63.96",
    "measure_type": "kg"
  }
},
{
  "model": "hotel.ingredient",
  "pk": 191,
  "fields": {
    "recipe": 28,
    "stock": 3,
    "ingredients_measure": "81.55",
    "measure_type": "g"
  }
},
{
  "model": "hotel.ingredient",
  "pk": 192,
  "fields": {
    "recipe": 28,
    "stock": 7,
    "ingredients_measure": "78.22",
    "measure_type": "kg"
  }
},
{
  "model": "hotel.ingredient",
  "pk": 193,
  "fields": {
    "recipe": 28,
    "stock": 8,
    "ingredients_measure": "13.23",
    "measure_type": "l"
  }
},
{
  "model": "hotel.ingredient",
  "pk": 194,
  "fields": {
    "recipe": 28,
    "stock": 9,
    "ingredients_measure": "70.89",
    "measure_type": "l"
  }
},
{
  "model": "hotel.ingredient",
  "pk": 195,
  "fields": {
    "recipe": 28,
    "stock": 13,
    "ingredients_measure": "58.08",
    "measure_type": "g"
  }
},
{
  "model": "hotel.ingredient",
  "pk": 196,
  "fields": {
    "recipe": 28,
    "stock": 14,
    "ingredients_measure": "15.38",
    "measure_type": "kg"
  }
},
{
  "model": "hotel.ingredient",
  "pk": 197,
  "fields": {
    "recipe": 29,
    "stock": 3,
    "ingredients_measure": "42.91",
    "measure_type": "ml"
  }
},
{
  "model": "hotel.ingredient",
  "pk": 198,
  "fields": {
    "recipe": 29,
    "stock": 8,
    "ingredients_measure": "33.26",
    "measure_type": "l"
  }
},
{
  "model": "hotel.ingredient",
  "pk": 199,
  "fields": {
    "recipe": 29,
    "stock": 10,
    "ingredients_measure": "54.48",
    "measure_type": "ml"
  }
},
{
  "model": "hotel.ingredient",
  "pk": 200,
  "fields": {
    "recipe": 29,
    "stock": 11,
    "ingredients_measure": "40.81",
    "measure_type": "l"
  }
},
{
  "model": "hotel.ingredient",
  "pk": 201,
  "fields": {
    "recipe": 29,
    "stock": 12,
    "ingredients_measure": "14.35",
    "measure_type": "kg"
  }
},
{
  "model": "hotel.ingredient",
  "pk": 202,
  "fields": {
    "recipe": 29,
    "stock": 15,
    "ingredients_measure": "11.48",
    "measure_type": "g"
  }
},
{
  "model": "hotel.ingredient",
  "pk": 203,
  "fields": {
    "recipe": 29,
    "stock": 17,
    "ingredients_measure": "34.96",
    "measure_type": "ml"
  }
},
{
  "model": "hotel.ingredient",
  "pk": 204,
  "fields": {
    "recipe": 30,
    "stock": 2,
    "ingredients_measure": "37.44",
    "measure_type": "g"
  }
},
{
  "model": "hotel.ingredient",
  "pk": 205,
  "fields": {
    "recipe": 30,
    "stock": 5,
    "ingredients_measure": "17.70",
    "measure_type": "kg"
  }
},
{
  "model": "hotel.ingredient",
  "pk": 206,
  "fields": {
    "recipe": 30,
    "stock": 7,
    "ingredients_measure": "65.49",
    "measure_type": "g"
  }
},
{
  "model": "hotel.ingredient",
  "pk": 207,
  "fields": {
    "recipe": 30,
    "stock": 8,
    "ingredients_measure": "59.24",
    "measure_type": "ml"
  }
},
{
  "model": "hotel.ingredient",
  "pk": 208,
  "fields": {
    "recipe": 30,
    "stock": 9,
    "ingredients_measure": "95.42",
    "measure_type": "g"
  }
},
{
  "model": "hotel.ingredient",
  "pk": 209,
  "fields": {
    "recipe": 30,
    "stock": 13,
    "ingredients_measure": "56.55",
    "measure_type": "l"
  }
},
{
  "model": "hotel.ingredient",
  "pk": 210,
  "fields": {
    "recipe": 30,
    "stock": 14,
    "ingredients_measure": "96.86",
    "measure_type": "kg"
  }
},
{
  "model": "hotel.ingredient",
  "pk": 211,
  "fields": {
    "recipe": 31,
    "stock": 4,
    "ingredients_measure": "51.05",
    "measure_type": "l"
  }
},
{
  "model": "hotel.ingredient",
  "pk": 212,
  "fields": {
    "recipe": 31,
    "stock": 5,
    "ingredients_measure": "91.36",
    "measure_type": "g"
  }
},
{
  "model": "hotel.ingredient",
  "pk": 213,
  "fields": {
    "recipe": 31,
    "stock": 6,
    "ingredients_measure": "60.75",
    "measure_type": "kg"
  }
},
{
  "model": "hotel.ingredient",
  "pk": 214,
  "fields": {
    "recipe": 31,
    "stock": 7,
    "ingredients_measure": "64.21",
    "measure_type": "kg"
  }
},
{
  "model": "hotel.ingredient",
  "pk": 215,
  "fields": {
    "recipe": 31,
    "stock": 10,
    "ingredients_measure": "30.46",
    "measure_type": "l"
  }
},
{
  "model": "hotel.ingredient",
  "pk": 216,
  "fields": {
    "recipe": 31,
    "stock": 13,
    "ingredients_measure": "10.96",
    "measure_type": "g"
  }
},
{
  "model": "hotel.ingredient",
  "pk": 217,
  "fields": {
    "recipe": 31,
    "stock": 14,
    "ingredients_measure": "80.76",
    "measure_type": "g"
  }
},
{
  "model": "hotel.ingredient",
  "pk": 218,
  "fields": {
    "recipe": 32,
    "stock": 4,
    "ingredients_measure": "96.98",
    "measure_type": "ml"
  }
},
{
  "model": "hotel.ingredient",
  "pk": 219,
  "fields": {
    "recipe": 32,
    "stock": 7,
    "ingredients_measure": "39.04",
    "measure_type": "l"
  }
},
{
  "model": "hotel.ingredient",
  "pk": 220,
  "fields": {
    "recipe": 32,
    "stock": 8,
    "ingredients_measure": "47.51",
    "measure_type": "l"
  }
},
{
  "model": "hotel.ingredient",
  "pk": 221,
  "fields": {
    "recipe": 32,
    "stock": 9,
    "ingredients_measure": "76.48",
    "measure_type": "g"
  }
},
{
  "model": "hotel.ingredient",
  "pk": 222,
  "fields": {
    "recipe": 32,
    "stock": 10,
    "ingredients_measure": "54.81",
    "measure_type": "kg"
  }
},
{
  "model": "hotel.ingredient",
  "pk": 223,
  "fields": {
    "recipe": 32,
    "stock": 12,
    "ingredients_measure": "91.34",
    "measure_type": "ml"
  }
},
{
  "model": "hotel.ingredient",
  "pk": 224,
  "fields": {
    "recipe": 32,
    "stock": 15,
    "ingredients_measure": "64.07",
    "measure_type": "g"
  }
},
{
  "model": "hotel.ingredient",
  "pk": 225,
  "fields": {
    "recipe": 33,
    "stock": 1,
    "ingredients_measure": "74.65",
    "measure_type": "ml"
  }
},
{
  "model": "hotel.ingredient",
  "pk": 226,
  "fields": {
    "recipe": 33,
    "stock": 5,
    "ingredients_measure": "73.62",
    "measure_type": "kg"
  }
},
{
  "model": "hotel.ingredient",
  "pk": 227,
  "fields": {
    "recipe": 33,
    "stock": 7,
    "ingredients_measure": "49.56",
    "measure_type": "l"
  }
},
{
  "model": "hotel.ingredient",
  "pk": 228,
  "fields": {
    "recipe": 33,
    "stock": 15,
    "ingredients_measure": "13.79",
    "measure_type": "g"
  }
},
{
  "model": "hotel.ingredient",
  "pk": 229,
  "fields": {
    "recipe": 33,
    "stock": 17,
    "ingredients_measure": "98.75",
    "measure_type": "g"
  }
},
{
  "model": "hotel.ingredient",
  "pk": 230,
  "fields": {
    "recipe": 33,
    "stock": 19,
    "ingredients_measure": "80.61",
    "measure_type": "kg"
  }
},
{
  "model": "hotel.ingredient",
  "pk": 231,
  "fields": {
    "recipe": 33,
    "stock": 20,
    "ingredients_measure": "74.29",
    "measure_type": "kg"
  }
},
{
  "model": "hotel.ingredient",
  "pk": 232,
  "fields": {
    "recipe": 34,
    "stock": 1,
    "ingredients_measure": "45.39",
    "measure_type": "ml"
  }
},
{
  "model": "hotel.ingredient",
  "pk": 233,
  "fields": {
    "recipe": 34,
    "stock": 3,
    "ingredients_measure": "14.12",
    "measure_type": "g"
  }
},
{
  "model": "hotel.ingredient",
  "pk": 234,
  "fields": {
    "recipe": 34,
    "stock": 5,
    "ingredients_measure": "24.84",
    "measure_type": "l"
  }
},
{
  "model": "hotel.ingredient",
  "pk": 235,
  "fields": {
    "recipe": 34,
    "stock": 7,
    "ingredients_measure": "32.60",
    "measure_type": "kg"
  }
},
{
  "model": "hotel.ingredient",
  "pk": 236,
  "fields": {
    "recipe": 34,
    "stock": 8,
    "ingredients_measure": "95.31",
    "measure_type": "kg"
  }
},
{
  "model": "hotel.ingredient",
  "pk": 237,
  "fields": {
    "recipe": 34,
    "stock": 10,
    "ingredients_measure": "12.68",
    "measure_type": "l"
  }
},
{
  "model": "hotel.ingredient",
  "pk": 238,
  "fields": {
    "recipe": 34,
    "stock": 11,
    "ingredients_measure": "96.98",
    "measure_type": "g"
  }
},
{
  "model": "hotel.ingredient",
  "pk": 239,
  "fields": {
    "recipe": 35,
    "stock": 2,
    "ingredients_measure": "59.42",
    "measure_type": "kg"
  }
},
{
  "model": "hotel.ingredient",
  "pk": 240,
  "fields": {
    "recipe": 35,
    "stock": 3,
    "ingredients_measure": "94.71",
    "measure_type": "ml"
  }
},
{
  "model": "hotel.ingredient",
  "pk": 241,
  "fields": {
    "recipe": 35,
    "stock": 4,
    "ingredients_measure": "83.02",
    "measure_type": "g"
  }
},
{
  "model": "hotel.ingredient",
  "pk": 242,
  "fields": {
    "recipe": 35,
    "stock": 5,
    "ingredients_measure": "98.77",
    "measure_type": "g"
  }
},
{
  "model": "hotel.ingredient",
  "pk": 243,
  "fields": {
    "recipe": 35,
    "stock": 6,
    "ingredients_measure": "66.60",
    "measure_type": "ml"
  }
},
{
  "model": "hotel.ingredient",
  "pk": 244,
  "fields": {
    "recipe": 35,
    "stock": 9,
    "ingredients_measure": "35.05",
    "measure_type": "l"
  }
},
{
  "model": "hotel.ingredient",
  "pk": 245,
  "fields": {
    "recipe": 35,
    "stock": 12,
    "ingredients_measure": "72.36",
    "measure_type": "kg"
  }
},
{
  "model": "hotel.ingredient",
  "pk": 246,
  "fields": {
    "recipe": 36,
    "stock": 1,
    "ingredients_measure": "47.01",
    "measure_type": "kg"
  }
},
{
  "model": "hotel.ingredient",
  "pk": 247,
  "fields": {
    "recipe": 36,
    "stock": 7,
    "ingredients_measure": "97.08",
    "measure_type": "g"
  }
},
{
  "model": "hotel.ingredient",
  "pk": 248,
  "fields": {
    "recipe": 36,
    "stock": 15,
    "ingredients_measure": "35.10",
    "measure_type": "ml"
  }
},
{
  "model": "hotel.ingredient",
  "pk": 249,
  "fields": {
    "recipe": 36,
    "stock": 17,
    "ingredients_measure": "51.70",
    "measure_type": "l"
  }
},
{
  "model": "hotel.ingredient",
  "pk": 250,
  "fields": {
    "recipe": 36,
    "stock": 18,
    "ingredients_measure": "60.08",
    "measure_type": "g"
  }
},
{
  "model": "hotel.ingredient",
  "pk": 251,
  "fields": {
    "recipe": 36,
    "stock": 19,
    "ingredients_measure": "97.12",
    "measure_type": "kg"
  }
},
{
  "model": "hotel.ingredient",
  "pk": 252,
  "fields": {
    "recipe": 36,
    "stock": 20,
    "ingredients_measure": "31.70",
    "measure_type": "ml"
  }
},
{
  "model": "hotel.ingredient",
  "pk": 253,
  "fields": {
    "recipe": 37,
    "stock": 1,
    "ingredients_measure": "19.93",
    "measure_type": "g"
  }
},
{
  "model": "hotel.ingredient",
  "pk": 254,
  "fields": {
    "recipe": 37,
    "stock": 3,
    "ingredients_measure": "80.22",
    "measure_type": "g"
  }
},
{
  "model": "hotel.ingredient",
  "pk": 255,
  "fields": {
    "recipe": 37,
    "stock": 5,
    "ingredients_measure": "14.06",
    "measure_type": "ml"
  }
},
{
  "model": "hotel.ingredient",
  "pk": 256,
  "fields": {
    "recipe": 37,
    "stock": 6,
    "ingredients_measure": "99.54",
    "measure_type": "ml"
  }
},
{
  "model": "hotel.ingredient",
  "pk": 257,
  "fields": {
    "recipe": 37,
    "stock": 7,
    "ingredients_measure": "96.52",
    "measure_type": "g"
  }
},
{
  "model": "hotel.ingredient",
  "pk": 258,
  "fields": {
    "recipe": 37,
    "stock": 8,
    "ingredients_measure": "48.62",
    "measure_type": "l"
  }
},
{
  "model": "hotel.ingredient",
  "pk": 259,
  "fields": {
    "recipe": 37,
    "stock": 10,
    "ingredients_measure": "38.36",
    "measure_type": "l"
  }
},
{
  "model": "hotel.ingredient",
  "pk": 260,
  "fields": {
    "recipe": 38,
    "stock": 1,
    "ingredients_measure": "95.92",
    "measure_type": "g"
  }
},
{
  "model": "hotel.ingredient",
  "pk": 261,
  "fields": {
    "recipe": 38,
    "stock": 5,
    "ingredients_measure": "51.29",
    "measure_type": "kg"
  }
},
{
  "model": "hotel.ingredient",
  "pk": 262,
  "fields": {
    "recipe": 38,
    "stock": 9,
    "ingredients_measure": "86.18",
    "measure_type": "ml"
  }
},
{
  "model": "hotel.ingredient",
  "pk": 263,
  "fields": {
    "recipe": 38,
    "stock": 10,
    "ingredients_measure": "87.54",
    "measure_type": "g"
  }
},
{
  "model": "hotel.ingredient",
  "pk": 264,
  "fields": {
    "recipe": 38,
    "stock": 15,
    "ingredients_measure": "47.97",
    "measure_type": "g"
  }
},
{
  "model": "hotel.ingredient",
  "pk": 265,
  "fields": {
    "recipe": 38,
    "stock": 17,
    "ingredients_measure": "41.74",
    "measure_type": "kg"
  }
},
{
  "model": "hotel.ingredient",
  "pk": 266,
  "fields": {
    "recipe": 38,
    "stock": 18,
    "ingredients_measure": "31.44",
    "measure_type": "ml"
  }
},
{
  "model": "hotel.ingredient",
  "pk": 267,
  "fields": {
    "recipe": 39,
    "stock": 1,
    "ingredients_measure": "43.52",
    "measure_type": "ml"
  }
},
{
  "model": "hotel.ingredient",
  "pk": 268,
  "fields": {
    "recipe": 39,
    "stock": 3,
    "ingredients_measure": "78.80",
    "measure_type": "l"
  }
},
{
  "model": "hotel.ingredient",
  "pk": 269,
  "fields": {
    "recipe": 39,
    "stock": 7,
    "ingredients_measure": "76.26",
    "measure_type": "kg"
  }
},
{
  "model": "hotel.ingredient",
  "pk": 270,
  "fields": {
    "recipe": 39,
    "stock": 8,
    "ingredients_measure": "84.55",
    "measure_type": "ml"
  }
},
{
  "model": "hotel.ingredient",
  "pk": 271,
  "fields": {
    "recipe": 39,
    "stock": 9,
    "ingredients_measure": "11.18",
    "measure_type": "g"
  }
},
{
  "model": "hotel.ingredient",
  "pk": 272,
  "fields": {
    "recipe": 39,
    "stock": 10,
    "ingredients_measure": "84.55",
    "measure_type": "g"
  }
},
{
  "model": "hotel.ingredient",
  "pk": 273,
  "fields": {
    "recipe": 39,
    "stock": 20,
    "ingredients_measure": "18.97",
    "measure_type": "l"
  }
},
{
  "model": "hotel.ingredient",
  "pk": 274,
  "fields": {
    "recipe": 40,
    "stock": 2,
    "ingredients_measure": "24.90",
    "measure_type": "kg"
  }
},
{
  "model": "hotel.ingredient",
  "pk": 275,
  "fields": {
    "recipe": 40,
    "stock": 3,
    "ingredients_measure": "81.48",
    "measure_type": "kg"
  }
},
{
  "model": "hotel.ingredient",
  "pk": 276,
  "fields": {
    "recipe": 40,
    "stock": 4,
    "ingredients_measure": "11.18",
    "measure_type": "ml"
  }
},
{
  "model": "hotel.ingredient",
  "pk": 277,
  "fields": {
    "recipe": 40,
    "stock": 5,
    "ingredients_measure": "59.17",
    "measure_type": "ml"
  }
},
{
  "model": "hotel.ingredient",
  "pk": 278,
  "fields": {
    "recipe": 40,
    "stock": 9,
    "ingredients_measure": "77.19",
    "measure_type": "l"
  }
},
{
  "model": "hotel.ingredient",
  "pk": 279,
  "fields": {
    "recipe": 40,
    "stock": 12,
    "ingredients_measure": "60.17",
    "measure_type": "l"
  }
},
{
  "model": "hotel.ingredient",
  "pk": 280,
  "fields": {
    "recipe": 40,
    "stock": 16,
    "ingredients_measure": "21.63",
    "measure_type": "ml"
  }
},
{
  "model": "hotel.ingredient",
  "pk": 281,
  "fields": {
    "recipe": 41,
    "stock": 2,
    "ingredients_measure": "42.27",
    "measure_type": "ml"
  }
},
{
  "model": "hotel.ingredient",
  "pk": 282,
  "fields": {
    "recipe": 41,
    "stock": 3,
    "ingredients_measure": "70.32",
    "measure_type": "kg"
  }
},
{
  "model": "hotel.ingredient",
  "pk": 283,
  "fields": {
    "recipe": 41,
    "stock": 6,
    "ingredients_measure": "94.04",
    "measure_type": "g"
  }
},
{
  "model": "hotel.ingredient",
  "pk": 284,
  "fields": {
    "recipe": 41,
    "stock": 9,
    "ingredients_measure": "75.01",
    "measure_type": "g"
  }
},
{
  "model": "hotel.ingredient",
  "pk": 285,
  "fields": {
    "recipe": 41,
    "stock": 11,
    "ingredients_measure": "80.34",
    "measure_type": "ml"
  }
},
{
  "model": "hotel.ingredient",
  "pk": 286,
  "fields": {
    "recipe": 41,
    "stock": 12,
    "ingredients_measure": "32.99",
    "measure_type": "kg"
  }
},
{
  "model": "hotel.ingredient",
  "pk": 287,
  "fields": {
    "recipe": 41,
    "stock": 13,
    "ingredients_measure": "44.68",
    "measure_type": "g"
  }
},
{
  "model": "hotel.ingredient",
  "pk": 288,
  "fields": {
    "recipe": 42,
    "stock": 3,
    "ingredients_measure": "14.11",
    "measure_type": "ml"
  }
},
{
  "model": "hotel.ingredient",
  "pk": 289,
  "fields": {
    "recipe": 42,
    "stock": 4,
    "ingredients_measure": "33.82",
    "measure_type": "ml"
  }
},
{
  "model": "hotel.ingredient",
  "pk": 290,
  "fields": {
    "recipe": 42,
    "stock": 5,
    "ingredients_measure": "19.64",
    "measure_type": "g"
  }
},
{
  "model": "hotel.ingredient",
  "pk": 291,
  "fields": {
    "recipe": 42,
    "stock": 8,
    "ingredients_measure": "61.92",
    "measure_type": "l"
  }
},
{
  "model": "hotel.ingredient",
  "pk": 292,
  "fields": {
    "recipe": 42,
    "stock": 10,
    "ingredients_measure": "93.09",
    "measure_type": "kg"
  }
},
{
  "model": "hotel.ingredient",
  "pk": 293,
  "fields": {
    "recipe": 42,
    "stock": 11,
    "ingredients_measure": "16.16",
    "measure_type": "g"
  }
},
{
  "model": "hotel.ingredient",
  "pk": 294,
  "fields": {
    "recipe": 42,
    "stock": 13,
    "ingredients_measure": "10.53",
    "measure_type": "l"
  }
},
{
  "model": "hotel.meallist",
  "pk": 1,
  "fields": {
    "recipe": 18,
    "quantity_ordered": 10,
    "date": "2023-11-19"
  }
},
{
  "model": "hotel.meallist",
  "pk": 2,
  "fields": {
    "recipe": 40,
    "quantity_ordered": 12,
    "date": "2023-11-12"
  }
},
{
  "model": "hotel.meallist",
  "pk": 3,
  "fields": {
    "recipe": 26,
    "quantity_ordered": 8,
    "date": "2023-11-03"
  }
},
{
  "model": "hotel.meallist",
  "pk": 4,
  "fields": {
    "recipe": 25,
    "quantity_ordered": 18,
    "date": "2023-10-28"
  }
},
{
  "model": "hotel.meallist",
  "pk": 5,
  "fields": {
    "recipe": 42,
    "quantity_ordered": 20,
    "date": "2023-10-27"
  }
},
{
  "model": "hotel.meallist",
  "pk": 6,
  "fields": {
    "recipe": 40,
    "quantity_ordered": 5,
    "date": "2023-11-01"
  }
},
{
  "model": "hotel.meallist",
  "pk": 7,
  "fields": {
    "recipe": 14,
    "quantity_ordered": 13,
    "date": "2023-10-24"
  }
},
{
  "model": "hotel.meallist",
  "pk": 8,
  "fields": {
    "recipe": 19,
    "quantity_ordered": 20,
    "date": "2023-11-14"
  }
},
{
  "model": "hotel.meallist",
  "pk": 9,
  "fields": {
    "recipe": 22,
    "quantity_ordered": 12,
    "date": "2023-11-11"
  }
},
{
  "model": "hotel.meallist",
  "pk": 10,
  "fields": {
    "recipe": 4,
    "quantity_ordered": 20,
    "date": "2023-11-01"
  }
},
{
  "model": "hotel.meallist",
  "pk": 11,
  "fields": {
    "recipe": 24,
    "quantity_ordered": 8,
    "date": "2023-10-24"
  }
},
{
  "model": "hotel.meallist",
  "pk": 12,
  "fields": {
    "recipe": 22,
    "quantity_ordered": 6,
    "date": "2023-11-11"
  }
},
{
  "model": "hotel.meallist",
  "pk": 13,
  "fields": {
    "recipe": 10,
    "quantity_ordered": 19,
    "date": "2023-10-24"
  }
},
{
  "model": "hotel.meallist",
  "pk": 14,
  "fields": {
    "recipe": 40,
    "quantity_ordered": 16,
    "date": "2023-11-14"
  }
},
{
  "model": "hotel.meallist",
  "pk": 15,
  "fields": {
    "recipe": 37,
    "quantity_ordered": 15,
    "date": "2023-10-26"
  }
},
{
  "model": "hotel.meallist",
  "pk": 16,
  "fields": {
    "recipe": 32,
    "quantity_ordered": 9,
    "date": "2023-11-01"
  }
},
{
  "model": "hotel.meallist",
  "pk": 17,
  "fields": {
    "recipe": 1,
    "quantity_ordered": 4,
    "date": "2023-10-25"
  }
},
{
  "model": "hotel.meallist",
  "pk": 18,
  "fields": {
    "recipe": 21,
    "quantity_ordered": 7,
    "date": "2023-11-16"
  }
},
{
  "model": "hotel.meallist",
  "pk": 19,
  "fields": {
    "recipe": 18,
    "quantity_ordered": 20,
    "date": "2023-11-10"
  }
},
{
  "model": "hotel.meallist",
  "pk": 20,
  "fields": {
    "recipe": 30,
    "quantity_ordered": 9,
    "date": "2023-10-29"
  }
},
{
  "model": "hotel.meallist",
  "pk": 21,
  "fields": {
    "recipe": 14,
    "quantity_ordered": 11,
    "date": "2023-11-02"
  }
},
{
  "model": "hotel.meallist",
  "pk": 22,
  "fields": {
    "recipe": 33,
    "quantity_ordered": 15,
    "date": "2023-11-11"
  }
},
{
  "model": "hotel.meallist",
  "pk": 23,
  "fields": {
    "recipe": 31,
    "quantity_ordered": 8,
    "date": "2023-10-31"
  }
},
{
  "model": "hotel.meallist",
  "pk": 24,
  "fields": {
    "recipe": 38,
    "quantity_ordered": 14,
    "date": "2023-11-05"
  }
},
{
  "model": "hotel.meallist",
  "pk": 25,
  "fields": {
    "recipe": 27,
    "quantity_ordered": 10,
    "date": "2023-11-11"
  }
},
{
  "model": "hotel.meallist",
  "pk": 26,
  "fields": {
    "recipe": 14,
    "quantity_ordered": 4,
    "date": "2023-11-18"
  }
},
{
  "model": "hotel.meallist",
  "pk": 27,
  "fields": {
    "recipe": 22,
    "quantity_ordered": 9,
    "date": "2023-11-19"
  }
},
{
  "model": "hotel.meallist",
  "pk": 28,
  "fields": {
    "recipe": 4,
    "quantity_ordered": 17,
    "date": "2023-10-27"
  }
},
{
  "model": "hotel.meallist",
  "pk": 29,
  "fields": {
    "recipe": 33,
    "quantity_ordered": 11,
    "date": "2023-11-17"
  }
},
{
  "model": "hotel.meallist",
  "pk": 30,
  "fields": {
    "recipe": 1,
    "quantity_ordered": 15,
    "date": "2023-11-04"
  }
},
{
  "model": "hotel.meallist",
  "pk": 31,
  "fields": {
    "recipe": 4,
    "quantity_ordered": 9,
    "date": "2023-11-04"
  }
},
{
  "model": "hotel.meallist",
  "pk": 32,
  "fields": {
    "recipe": 22,
    "quantity_ordered": 4,
    "date": "2023-10-23"
  }
},
{
  "model": "hotel.meallist",
  "pk": 33,
  "fields": {
    "recipe": 37,
    "quantity_ordered": 16,
    "date": "2023-11-06"
  }
},
{
  "model": "hotel.meallist",
  "pk": 34,
  "fields": {
    "recipe": 19,
    "quantity_ordered": 4,
    "date": "2023-10-31"
  }
},
{
  "model": "hotel.meallist",
  "pk": 35,
  "fields": {
    "recipe": 18,
    "quantity_ordered": 10,
    "date": "2023-11-07"
  }
},
{
  "model": "hotel.meallist",
  "pk": 36,
  "fields": {
    "recipe": 32,
    "quantity_ordered": 7,
    "date": "2023-11-09"
  }
},
{
  "model": "hotel.meallist",
  "pk": 37,
  "fields": {
    "recipe": 15,
    "quantity_ordered": 19,
    "date": "2023-11-03"
  }
},
{
  "model": "hotel.meallist",
  "pk": 38,
  "fields": {
    "recipe": 8,
    "quantity_ordered": 16,
    "date": "2023-11-01"
  }
},
{
  "model": "hotel.meallist",
  "pk": 39,
  "fields": {
    "recipe": 32,
    "quantity_ordered": 5,
    "date": "2023-11-01"
  }
},
{
  "model": "hotel.meallist",
  "pk": 40,
  "fields": {
    "recipe": 27,
    "quantity_ordered": 14,
    "date": "2023-11-02"
  }
},
{
  "model": "hotel.meallist",
  "pk": 41,
  "fields": {
    "recipe": 18,
    "quantity_ordered": 18,
    "date": "2023-10-25"
  }
},
{
  "model": "hotel.meallist",
  "pk": 42,
  "fields": {
    "recipe": 19,
    "quantity_ordered": 7,
    "date": "2023-10-22"
  }
},
{
  "model": "hotel.meallist",
  "pk": 43,
  "fields": {
    "recipe": 34,
    "quantity_ordered": 6,
    "date": "2023-11-06"
  }
},
{
  "model": "hotel.meallist",
  "pk": 44,
  "fields": {
    "recipe": 36,
    "quantity_ordered": 8,
    "date": "2023-10-31"
  }
},
{
  "model": "hotel.meallist",
  "pk": 45,
  "fields": {
    "recipe": 37,
    "quantity_ordered": 13,
    "date": "2023-11-10"
  }
},
{
  "model": "hotel.meallist",
  "pk": 46,
  "fields": {
    "recipe": 24,
    "quantity_ordered": 18,
    "date": "2023-11-10"
  }
},
{
  "model": "hotel.meallist",
  "pk": 47,
  "fields": {
    "recipe": 28,
    "quantity_ordered": 4,
    "date": "2023-11-01"
  }
},
{
  "model": "hotel.meallist",
  "pk": 48,
  "fields": {
    "recipe": 35,
    "quantity_ordered": 8,
    "date": "2023-10-25"
  }
},
{
  "model": "hotel.meallist",
  "pk": 49,
  "fields": {
    "recipe": 39,
    "quantity_ordered": 8,
    "date": "2023-10-28"
  }
},
{
  "model": "hotel.meallist",
  "pk": 50,
  "fields": {
    "recipe": 29,
    "quantity_ordered": 6,
    "date": "2023-11-12"
  }
},
{
  "model": "hotel.role",
  "pk": 1,
  "fields": {
    "role_name": "Manager",
    "base_salary": "68000.00"
  }
},
{
  "model": "hotel.role",
  "pk": 2,
  "fields": {
    "role_name": "Receptionist",
    "base_salary": "136000.00"
  }
},
{
  "model": "hotel.role",
  "pk": 3,
  "fields": {
    "role_name": "Chef",
    "base_salary": "135000.00"
  }
},
{
  "model": "hotel.role",
  "pk": 4,
  "fields": {
    "role_name": "Waiter",
    "base_salary": "76000.00"
  }
},
{
  "model": "hotel.role",
  "pk": 5,
  "fields": {
    "role_name": "Cleaner",
    "base_salary": "134000.00"
  }
},
{
  "model": "hotel.role",
  "pk": 6,
  "fields": {
    "role_name": "Security Guard",
    "base_salary": "72000.00"
  }
},
{
  "model": "hotel.role",
  "pk": 7,
  "fields": {
    "role_name": "Accountant",
    "base_salary": "76000.00"
  }
},
{
  "model": "hotel.employee",
  "pk": 1,
  "fields": {
    "role": 3,
    "first_name": "Greg",
    "last_name": "Gross",
    "phone_number": "1711252674",
    "email": "rachellee@example.net",
    "hire_date": "2023-11-06"
  }
},
{
  "model": "hotel.employee",
  "pk": 2,
  "fields": {
    "role": 3,
    "first_name": "Charles",
    "last_name": "Robinson",
    "phone_number": "9811074728",
    "email": "jberry@example.com",
    "hire_date": "2023-10-12"
  }
},
{
  "model": "hotel.employee",
  "pk": 3,
  "fields": {
    "role": 5,
    "first_name": "Isaac",
    "last_name": "Gonzalez",
    "phone_number": "4213613870",
    "email": "huertapamela@example.org",
    "hire_date": "2023-04-02"
  }
},
{
  "model": "hotel.employee",
  "pk": 4,
  "fields": {
    "role": 4,
    "first_name": "Janet",
    "last_name": "Wright",
    "phone_number": "4715741684",
    "email": "william36@example.net",
    "hire_date": "2023-10-17"
  }
},
{
  "model": "hotel.employee",
  "pk": 5,
  "fields": {
    "role": 4,
    "first_name": "Lisa",
    "last_name": "Wiley",
    "phone_number": "7274750944",
    "email": "jasonjames@example.net",
    "hire_date": "2023-03-13"
  }
},
{
  "model": "hotel.employee",
  "pk": 6,
  "fields": {
    "role": 4,
    "first_name": "Marc",
    "last_name": "Greene",
    "phone_number": "8403300633",
    "email": "hrivera@example.org",
    "hire_date": "2023-01-21"
  }
},
{
  "model": "hotel.employee",
  "pk": 7,
  "fields": {
    "role": 5,
    "first_name": "Michael",
    "last_name": "Jensen",
    "phone_number": "7724523010",
    "email": "hollykelly@example.org",
    "hire_date": "2023-10-01"
  }
},
{
  "model": "hotel.employee",
  "pk": 8,
  "fields": {
    "role": 1,
    "first_name": "Thomas",
    "last_name": "Clark",
    "phone_number": "5046415978",
    "email": "costasarah@example.net",
    "hire_date": "2023-09-22"
  }
},
{
  "model": "hotel.employee",
  "pk": 9,
  "fields": {
    "role": 6,
    "first_name": "Jennifer",
    "last_name": "Bowen",
    "phone_number": "8346810783",
    "email": "christopherstanley@example.com",
    "hire_date": "2023-03-02"
  }
},
{
  "model": "hotel.employee",
  "pk": 10,
  "fields": {
    "role": 5,
    "first_name": "Tony",
    "last_name": "Nunez",
    "phone_number": "7658746640",
    "email": "michael58@example.org",
    "hire_date": "2023-08-07"
  }
},
{
  "model": "hotel.employee",
  "pk": 11,
  "fields": {
    "role": 6,
    "first_name": "Kelly",
    "last_name": "Lopez",
    "phone_number": "9383101359",
    "email": "ryang@example.org",
    "hire_date": "2023-01-23"
  }
},
{
  "model": "hotel.employee",
  "pk": 12,
  "fields": {
    "role": 5,
    "first_name": "Christopher",
    "last_name": "Robinson",
    "phone_number": "1398440012",
    "email": "mariabarrera@example.com",
    "hire_date": "2023-05-22"
  }
},
{
  "model": "hotel.employee",
  "pk": 13,
  "fields": {
    "role": 4,
    "first_name": "Mark",
    "last_name": "Garza",
    "phone_number": "4930589307",
    "email": "amy81@example.org",
    "hire_date": "2023-07-06"
  }
},
{
  "model": "hotel.employee",
  "pk": 14,
  "fields": {
    "role": 1,
    "first_name": "Kyle",
    "last_name": "Oneal",
    "phone_number": "5312210114",
    "email": "zunigajordan@example.org",
    "hire_date": "2023-02-20"
  }
},
{
  "model": "hotel.employee",
  "pk": 15,
  "fields": {
    "role": 2,
    "first_name": "Michael",
    "last_name": "Castro",
    "phone_number": "1152996457",
    "email": "mrangel@example.com",
    "hire_date": "2022-12-08"
  }
},
{
  "model": "hotel.employee",
  "pk": 16,
  "fields": {
    "role": 7,
    "first_name": "Ann",
    "last_name": "Martinez",
    "phone_number": "2680685084",
    "email": "jenna64@example.com",
    "hire_date": "2023-08-28"
  }
},
{
  "model": "hotel.employee",
  "pk": 17,
  "fields": {
    "role": 2,
    "first_name": "Ryan",
    "last_name": "Diaz",
    "phone_number": "9323615921",
    "email": "mcintoshedward@example.net",
    "hire_date": "2023-02-16"
  }
},
{
  "model": "hotel.employee",
  "pk": 18,
  "fields": {
    "role": 3,
    "first_name": "Adrienne",
    "last_name": "Reed",
    "phone_number": "8937441417",
    "email": "fcarr@example.org",
    "hire_date": "2023-07-16"
  }
},
{
  "model": "hotel.employee",
  "pk": 19,
  "fields": {
    "role": 2,
    "first_name": "Erik",
    "last_name": "Tucker",
    "phone_number": "9902833572",
    "email": "valdezchristopher@example.org",
    "hire_date": "2023-05-12"
  }
},
{
  "model": "hotel.employee",
  "pk": 20,
  "fields": {
    "role": 5,
    "first_name": "Joshua",
    "last_name": "Conway",
    "phone_number": "3049041071",
    "email": "randyfletcher@example.net",
    "hire_date": "2023-06-29"
  }
},
{
  "model": "hotel.employee",
  "pk": 21,
  "fields": {
    "role": 6,
    "first_name": "Michelle",
    "last_name": "Hayes",
    "phone_number": "9115811294",
    "email": "javiervaldez@example.com",
    "hire_date": "2023-01-03"
  }
},
{
  "model": "hotel.employee",
  "pk": 22,
  "fields": {
    "role": 3,
    "first_name": "Amy",
    "last_name": "Wright",
    "phone_number": "3597523537",
    "email": "williamnelson@example.com",
    "hire_date": "2023-08-10"
  }
},
{
  "model": "hotel.employee",
  "pk": 23,
  "fields": {
    "role": 4,
    "first_name": "Lisa",
    "last_name": "Shaw",
    "phone_number": "9559376970",
    "email": "crodriguez@example.com",
    "hire_date": "2023-04-20"
  }
},
{
  "model": "hotel.employee",
  "pk": 24,
  "fields": {
    "role": 3,
    "first_name": "Scott",
    "last_name": "Hall",
    "phone_number": "4803030886",
    "email": "johnsonemily@example.org",
    "hire_date": "2022-12-21"
  }
},
{
  "model": "hotel.employee",
  "pk": 25,
  "fields": {
    "role": 6,
    "first_name": "Erin",
    "last_name": "Barry",
    "phone_number": "7374021470",
    "email": "amejia@example.org",
    "hire_date": "2022-12-16"
  }
},
{
  "model": "hotel.employee",
  "pk": 26,
  "fields": {
    "role": 5,
    "first_name": "Brent",
    "last_name": "Wheeler",
    "phone_number": "9634357564",
    "email": "nicole33@example.org",
    "hire_date": "2023-01-21"
  }
},
{
  "model": "hotel.employee",
  "pk": 27,
  "fields": {
    "role": 3,
    "first_name": "Karen",
    "last_name": "Brown",
    "phone_number": "7994326776",
    "email": "mayerbrian@example.net",
    "hire_date": "2023-06-17"
  }
},
{
  "model": "hotel.employee",
  "pk": 28,
  "fields": {
    "role": 1,
    "first_name": "Russell",
    "last_name": "Oneal",
    "phone_number": "7135631695",
    "email": "dsosa@example.org",
    "hire_date": "2023-01-11"
  }
},
{
  "model": "hotel.employee",
  "pk": 29,
  "fields": {
    "role": 6,
    "first_name": "Matthew",
    "last_name": "Campbell",
    "phone_number": "7982856647",
    "email": "nichole68@example.com",
    "hire_date": "2023-06-29"
  }
},
{
  "model": "hotel.employee",
  "pk": 30,
  "fields": {
    "role": 6,
    "first_name": "Christopher",
    "last_name": "Mullins",
    "phone_number": "4236792373",
    "email": "james06@example.org",
    "hire_date": "2023-10-15"
  }
},
{
  "model": "hotel.employee",
  "pk": 31,
  "fields": {
    "role": 4,
    "first_name": "Michael",
    "last_name": "Malone",
    "phone_number": "2984521710",
    "email": "kelliharris@example.org",
    "hire_date": "2023-08-18"
  }
},
{
  "model": "hotel.employee",
  "pk": 32,
  "fields": {
    "role": 3,
    "first_name": "Jennifer",
    "last_name": "Crawford",
    "phone_number": "2415606953",
    "email": "adamskristen@example.com",
    "hire_date": "2023-09-08"
  }
},
{
  "model": "hotel.employee",
  "pk": 33,
  "fields": {
    "role": 7,
    "first_name": "Alan",
    "last_name": "Bryan",
    "phone_number": "9438111576",
    "email": "qjohnson@example.net",
    "hire_date": "2023-09-01"
  }
},
{
  "model": "hotel.employee",
  "pk": 34,
  "fields": {
    "role": 5,
    "first_name": "Amanda",
    "last_name": "Miller",
    "phone_number": "4924503222",
    "email": "ustevens@example.com",
    "hire_date": "2023-09-10"
  }
},
{
  "model": "hotel.employee",
  "pk": 35,
  "fields": {
    "role": 7,
    "first_name": "Kaitlyn",
    "last_name": "Cook",
    "phone_number": "8759872870",
    "email": "aholland@example.org",
    "hire_date": "2023-03-14"
  }
},
{
  "model": "hotel.employee",
  "pk": 36,
  "fields": {
    "role": 4,
    "first_name": "Linda",
    "last_name": "Thompson",
    "phone_number": "3748980772",
    "email": "gallegoscheryl@example.org",
    "hire_date": "2023-05-13"
  }
},
{
  "model": "hotel.employee",
  "pk": 37,
  "fields": {
    "role": 6,
    "first_name": "Amy",
    "last_name": "Brown",
    "phone_number": "7730605264",
    "email": "edward52@example.com",
    "hire_date": "2023-03-22"
  }
},
{
  "model": "hotel.employee",
  "pk": 38,
  "fields": {
    "role": 3,
    "first_name": "Becky",
    "last_name": "Hart",
    "phone_number": "5386268647",
    "email": "brandystevens@example.org",
    "hire_date": "2023-06-29"
  }
},
{
  "model": "hotel.employee",
  "pk": 39,
  "fields": {
    "role": 6,
    "first_name": "Morgan",
    "last_name": "Snow",
    "phone_number": "4735094643",
    "email": "emily95@example.org",
    "hire_date": "2023-11-15"
  }
},
{
  "model": "hotel.employee",
  "pk": 40,
  "fields": {
    "role": 6,
    "first_name": "Javier",
    "last_name": "Shaffer",
    "phone_number": "2088568041",
    "email": "simpsonandrea@example.com",
    "hire_date": "2023-07-10"
  }
},
{
  "model": "hotel.employee",
  "pk": 41,
  "fields": {
    "role": 2,
    "first_name": "Jennifer",
    "last_name": "Curry",
    "phone_number": "2401501422",
    "email": "richard85@example.com",
    "hire_date": "2023-02-21"
  }
},
{
  "model": "hotel.employee",
  "pk": 42,
  "fields": {
    "role": 7,
    "first_name": "Ann",
    "last_name": "Martinez",
    "phone_number": "5802514160",
    "email": "torresphilip@example.org",
    "hire_date": "2023-04-02"
  }
},
{
  "model": "hotel.employee",
  "pk": 43,
  "fields": {
    "role": 5,
    "first_name": "Ashley",
    "last_name": "Peck",
    "phone_number": "9998661228",
    "email": "cfrank@example.com",
    "hire_date": "2023-08-11"
  }
},
{
  "model": "hotel.employee",
  "pk": 44,
  "fields": {
    "role": 2,
    "first_name": "Jennifer",
    "last_name": "Perez",
    "phone_number": "9395788636",
    "email": "samantha62@example.org",
    "hire_date": "2023-01-02"
  }
},
{
  "model": "hotel.employee",
  "pk": 45,
  "fields": {
    "role": 7,
    "first_name": "Christine",
    "last_name": "Phillips",
    "phone_number": "2531389953",
    "email": "taylorkimberly@example.org",
    "hire_date": "2023-05-31"
  }
},
{
  "model": "hotel.employee",
  "pk": 46,
  "fields": {
    "role": 3,
    "first_name": "Adam",
    "last_name": "Jackson",
    "phone_number": "2030204879",
    "email": "jeffreyowens@example.com",
    "hire_date": "2023-02-17"
  }
},
{
  "model": "hotel.employee",
  "pk": 47,
  "fields": {
    "role": 1,
    "first_name": "Lisa",
    "last_name": "Phillips",
    "phone_number": "2461302193",
    "email": "molly55@example.com",
    "hire_date": "2023-10-16"
  }
},
{
  "model": "hotel.employee",
  "pk": 48,
  "fields": {
    "role": 4,
    "first_name": "Nicole",
    "last_name": "Bishop",
    "phone_number": "2993548176",
    "email": "panderson@example.net",
    "hire_date": "2023-10-01"
  }
},
{
  "model": "hotel.employee",
  "pk": 49,
  "fields": {
    "role": 2,
    "first_name": "Christian",
    "last_name": "Smith",
    "phone_number": "6171578117",
    "email": "kreid@example.net",
    "hire_date": "2023-04-19"
  }
},
{
  "model": "hotel.employee",
  "pk": 50,
  "fields": {
    "role": 4,
    "first_name": "Sharon",
    "last_name": "Moreno",
    "phone_number": "7205083032",
    "email": "davidmoore@example.net",
    "hire_date": "2023-04-24"
  }
}
]
